created_utc	id	title	author	ups	downs	num_comments	selftext	subreddit_id	is_self
1357181986.0	15v5pb	Kaley Cuoco 	AlexCoomber145	231	35	10		t5_2s4td	False
1344873771.0	y5dzi	I love when somebody picks up my phone and has to squint to read what it says... [HD]	MisterTyzer	200	11	10		t5_2s4td	False
1343492611.0	xavyh	r/iPhone directed me here.  99 of my iPhone walls for you guys.	chiburaska	202	16	10		t5_2s4td	False
1371275467.0	1gdyav	Hot Mila Kunis	squaid28	205	23	8		t5_2s4td	False
1365138772.0	1bpsc0	All you have to do is crop, or zoom in. No sorcery involved.	FeraligatrChamp	225	48	15		t5_2s4td	False
1360535052.0	189pvg	"Ok, can we stop this please? Mods can we do something about the never ending flood of ""resize this for me""(s)?"	Guardian1030	235	62	35		t5_2s4td	False
1350280374.0	11i0qr	Over 100 of my favorite iPhone 4 wallpapers. Mostly minimal. 	croutonsalad	186	14	8		t5_2s4td	False
1357750639.0	1698e9	Olivia Wilde		199	33	13		t5_2s4td	False
1344753847.0	y32ht	My iWallpaper collection (all retina)	BoBBBBBBBO	171	7	8		t5_2s4td	False
1356911281.0	15p1ma	Here it is. 200+ quality wallpapers I've been hoarding. I hope you guys enjoy!	mindyourmuffins	166	10	18		t5_2s4td	False
1362177123.0	19hn19	MONEY!	craftygnomes	171	13	16		t5_2s4td	False
1366563172.0	1ct1tt	One of my favorites [4]	TheMCyborg	179	26	1		t5_2s4td	False
1369163891.0	1es64c	My current wallpaper	melaniewertheim	177	26	3		t5_2s4td	False
1369089678.0	1eq3u4	Live Slow Die Whenever	jaxspider	157	9	1		t5_2s4td	False
1369089443.0	1eq3ib	Denis Goncharov	jaxspider	193	49	9		t5_2s4td	False
1369350290.0	1exosj	Pokemon: Magikarp	jaxspider	163	20	5		t5_2s4td	False
1373524418.0	1i2dgx	No one ever visits anymore	AmandaFudge	157	14	5		t5_2s4td	False
1362159168.0	19h0mf	Natalie Portman	ButtPlugMaster	172	28	2		t5_2s4td	False
1369854924.0	1fabbq	Android + Zoidberg = Why Not Droidberg	jaxspider	162	19	5		t5_2s4td	False
1362970144.0	1a25iv	Cute Wallpaper (4/4s) (NOT MY PI TURE) 	Slashdudz	162	16	2		t5_2s4td	False
1374542760.0	1iurm2	Father like son.	killfire	162	18	3		t5_2s4td	False
1364512346.0	1b7huv	Batman vs. Deadpool for the 4/4S	ButtPlugMaster	149	7	1		t5_2s4td	False
1359115937.0	1792p1	Crash! Thank you reddit for the best wallpaper of my hero	iriesurfcaptain	153	14	4		t5_2s4td	False
1373658470.0	1i6aah	More Zoo Portraits [4S]	Penguinwizard	150	10	6		t5_2s4td	False
1351494261.0	129jhh	New to the subreddit, but I hope this is accepted here	asanf91	153	13	5		t5_2s4td	False
1368498481.0	1eaew4	"""It's how you see yourself"" (x-post r/Wallpapers)"	iReptarr	146	9	2		t5_2s4td	False
1366201821.0	1cj15c	I like this one	bjlmag	145	8	0		t5_2s4td	False
1365876630.0	1ca2ue	The majestic whale. [640x1136]	Kmiller6637	146	15	3		t5_2s4td	False
1370491416.0	1frqj8	I don't know, but I like it	xSilentHaze	145	15	3		t5_2s4td	False
1368897387.0	1el1uu	King Kong Sloth	caittully	140	8	6		t5_2s4td	False
1368652185.0	1eep0w	Alison Brie	jaxspider	155	26	3		t5_2s4td	False
1375458556.0	1jkisz	[iPhone 4/4S/5][Album] I put rap lyrics on top of beautiful photos	marcellnation	152	22	21		t5_2s4td	False
1366942772.0	1d4m19	The alien blue loading image makes for a very clean wallpaper. (640x1136)	Kmiller6637	134	6	3		t5_2s4td	False
1372577557.0	1hct3d	This party is off the chain (X post from r/funny)	ThisGuy751	138	7	1		t5_2s4td	False
1367855217.0	1dspva	Made a minimalistic SNES wallpaper theme for iPhone 5. Lockscreen and Homescreen wallpapers included!	trebory6	133	11	13		t5_2s4td	False
1370039472.0	1ffkks	I looked through the top 600 posts of all time here and on /r/iOSthemes to compile this album of 126 landscape/macro/minimalist wallpapers. Enjoy! (x-post /r/iOSthemes)	Excalibur457	126	5	10		t5_2s4td	False
1369952812.0	1fd7eg	Melanie Iglesias: On the rooftop	jaxspider	158	35	1		t5_2s4td	False
1350020461.0	11cqxg	My Massive iPhone 5 Wallpaper Collection. Enjoy :)	Sentry-	133	10	10		t5_2s4td	False
1363609799.0	1air4i	Enjoy!	iRecklessO	133	16	4		t5_2s4td	False
1357190578.0	15vfdi	Katy Perry		132	17	2		t5_2s4td	False
1346688932.0	za9yk	Reddit coat of arms [600x900]	CutieMess	136	16	6		t5_2s4td	False
1360093520.0	17y7eg	Empire poppin rebels droppin wallpaper 	iriesurfcaptain	129	11	5		t5_2s4td	False
1359067648.0	177v7e	Zippo water version	fatevansdonuts	127	8	3		t5_2s4td	False
1363215769.0	1a8xoa	"(x-post r/quoteporn) ""Man is least himself.."" - Oscar Wilde iOs Wallpaper"	iReptarr	132	17	9		t5_2s4td	False
1373994276.0	1ifa03	Skater from the 60's	aar19	126	15	4		t5_2s4td	False
1355263857.0	14osh9	For all the joker fans	Super_Kami_Guru0	118	5	0		t5_2s4td	False
1359079815.0	178arj	My Current Fav	sacowitz	124	11	3		t5_2s4td	False
1375722869.0	1jr16u	You are being monitored	iWallpaper37	124	10	2		t5_2s4td	False
1376509906.0	1kdbn6	My current wallpaper	axxwound	122	11	4		t5_2s4td	False
1361727132.0	19514b	Love the angle of this pic	yoshibigbawss	117	8	2		t5_2s4td	False
1367516998.0	1dkaz9	Spongeball Z	randomiraqi	127	16	0		t5_2s4td	False
1359897955.0	17t0ev	Nuke the whales wallpaper 	iriesurfcaptain	117	7	8		t5_2s4td	False
1358690715.0	16xgjl	My new wallpaper 	iriesurfcaptain	124	16	9		t5_2s4td	False
1340466677.0	vhhyb	My iPhone wallpaper collection (retina, of course)	arneb3rt	115	8	6		t5_2s4td	False
1356149037.0	159k4e	Pixar themed home screen (4/4s)	wibble536	109	5	8		t5_2s4td	False
1375973339.0	1jyhym	iPhone 5 wallpaper that looks great with iOS 7	Thunderhorse44	109	8	8		t5_2s4td	False
1367362288.0	1dfyqw	Whale Balloons (iPhone 4/5)	randomiraqi	110	10	1		t5_2s4td	False
1367752984.0	1dq6vv	Nolan's Trilogy	FliXonBOB	121	19	2		t5_2s4td	False
1350221755.0	11gjy0	Some Superhero Wallpapers I Made. Will make more later tonight!	Xioo	103	6	22		t5_2s4td	False
1368567840.0	1ecbbz	Strange but cool	Grey-Dalcenti	103	4	1		t5_2s4td	False
1368282884.0	1e4nsh	(iPhone 4/4S)Pokemon Motivational posters(Artist link in comments)	iReptarr	111	11	13		t5_2s4td	False
1374893540.0	1j51nz	[REQUEST] Can someone please resize this for an iPhone 4/4s. Thanks!	MrNewyear	106	8	8		t5_2s4td	False
1365961365.0	1cc2e4	Assassins creed wallpaper anyone?	lroysquid	104	9	2		t5_2s4td	False
1361243474.0	18sm8t	As requested, electric blue bullets	brandona_613	105	10	3		t5_2s4td	False
1358403615.0	16qlzn	One of my favorites: Velma, from Scooby Doo (perhaps NSFW)	azechiel	117	23	9		t5_2s4td	False
1358288377.0	16n7yx	Lights Poxleitner (iPhone 4/4S)	Benster96	110	15	1		t5_2s4td	False
1373753202.0	1i8o77	Bane chillin' like a villain	Greg_Tilapia	100	5	0		t5_2s4td	False
1370524917.0	1fsdzy	Skyrim/Pokemon Wallpaper [Xpost from /r/pokemon]	iHokage	113	20	0		t5_2s4td	False
1367804077.0	1drkah	My current background	lolkingfred1	115	20	0		t5_2s4td	False
1374052549.0	1ih50f	I take a lot of pictures with my iPhone when I travel. Here's 23 wallpapers I made out of a few of them for you guys.	mak103020	102	10	23		t5_2s4td	False
1358219974.0	16lg2b	"My new lockscreen 
(creds to ServererOfTies over at r/pictureswithpatrick)"	sebouhlol	99	11	3		t5_2s4td	False
1354426517.0	1451ek	My current iPhone 5 wallpaper folder.	iGhostship	94	4	4		t5_2s4td	False
1350869802.0	11vfiw	Alison Brie [640x1136]	reposed	110	18	0		t5_2s4td	False
1374118743.0	1ijb00	Haku / Spirited Away / Studio Ghibli [5]	AbusiveTortoise	101	13	5		t5_2s4td	False
1358186780.0	16k95y	Adventure Time Lock Screen (knightybob's Request)	Alexfollett93	102	13	10		t5_2s4td	False
1373770214.0	1i9659	Found on r/abandoned, thinks it's amazing for a background.	Pancakification	100	12	3		t5_2s4td	False
1369686825.0	1f5nf1	A few minimalistic wallpapers	AngryFish11	100	12	3		t5_2s4td	False
1370630144.0	1fvmos	Baby Dragon	randomiraqi	94	4	1		t5_2s4td	False
1370926179.0	1g3nb7	"iOS 7 ""Space"" wallpaper"	Trigger23	93	7	6		t5_2s4td	False
1368736302.0	1eh1la	American woman	jaxspider	123	36	3		t5_2s4td	False
1340984458.0	vsrsg	[As requested] Reddit Themed Lockscreen[HD]		96	9	6		t5_2s4td	False
1373889667.0	1ic1yd	For Deadpool Fans [iPod]	monster-man94	98	13	2		t5_2s4td	False
1369257909.0	1ev03r	Dishonored.	xSilentHaze	90	4	1		t5_2s4td	False
1352963615.0	138aef	This is the Stark Industries wallpapers I designed for my iPhone 5	trebory6	101	18	29		t5_2s4td	False
1374799908.0	1j2eko	Just a friendly neighborhood bombshell.	pimpin_cowboy	114	30	8		t5_2s4td	False
1374587540.0	1ivtnx	Wookie Monster	qbox11	93	8	0		t5_2s4td	False
1366833503.0	1d1578	4/4 when life gives you lemons: portal 2	brohammer23	104	19	2		t5_2s4td	False
1362352109.0	19lp1r	One of my favourites. From an AMA with a Nickelodeon artist. 	Vaera	98	13	4		t5_2s4td	False
1359044228.0	17718v	Longest lasting lock screen for me so far	Russ7kramer	95	8	7		t5_2s4td	False
1374734483.0	1j0hhq	For all you men out there. [NSFW]	OfflineDater	131	48	18		t5_2s4td	False
1373834672.0	1iammd	Pilot	the_dark_	94	8	0		t5_2s4td	False
1363182408.0	1a7q95	Space Mountain (4)	Desnate	92	8	4		t5_2s4td	False
1360956398.0	18lggo	Brilliant.	GaryLOL	112	25	3		t5_2s4td	False
1374462175.0	1ise98	Places	the_dark_	90	8	2		t5_2s4td	False
1372975948.0	1hnpzk	Cool lock screen for [4s]. Any ironman fans?	white_nite55	99	13	13		t5_2s4td	False
1372647491.0	1heiju	A Bioshock Infinite wallpaper I've been using for a few months	Puhp	88	6	2		t5_2s4td	False
1368830230.0	1ejnw1	Some cool Wallpapers	Grey-Dalcenti	93	11	9		t5_2s4td	False
1368122200.0	1e0iwu	Sitting on the edge of the world	jaxspider	86	4	1		t5_2s4td	False
1356365482.0	15dm41	Found this on Google. I don't think I'm ever changing it. 	DashSatan	96	15	1		t5_2s4td	False
1369350251.0	1exoqz	Felix Baumgartner jumping from the stratosphere.	jaxspider	82	3	7		t5_2s4td	False
1367496761.0	1djoaq	Pretty cool wallpaper this one	joeek	84	3	3		t5_2s4td	False
1367268235.0	1dd1pm	Cool skyrim wallpaper	devorg	91	10	4		t5_2s4td	False
1367096859.0	1d8hw6	BioShock Infinite meets Portal	Max_Kas_	92	12	3		t5_2s4td	False
1375920910.0	1jx6um	Any Breaking Bad fans? (4/4s)	DingleMcronald	104	25	4		t5_2s4td	False
1374256743.0	1in8oj	"""And he greeted death as an old friend"" [5]"	Oske7	90	9	5		t5_2s4td	False
1369474614.0	1f0u7p	Here you go	MrFeeney123	93	13	0		t5_2s4td	False
1365166875.0	1bqah5	Nature	Kmiller6637	87	5	3		t5_2s4td	False
1361316926.0	18ulxl	Vault boy.	Therealdeal_4121	86	8	2		t5_2s4td	False
1355702987.0	14yrr9	A couple of days ago I requested a word photo of Batman. No one was able to deliver but a redditor suggested an app. Here's what I came up with. Enjoy!	lessthanstarwars	89	9	8		t5_2s4td	False
1348200249.0	108dz8	I made 160+ iPhone 5 Wallpapers from my favorite desktop images. Enjoy! (x-post from /r/iPhone)	eQUIV	83	3	5		t5_2s4td	False
1346614607.0	z8qtt	It's the small things in life (x-post from r/wallpapers)	lozzerloz	88	5	1		t5_2s4td	False
1375768870.0	1jsnmh	In honor of shark week...	rawtalk	94	16	8		t5_2s4td	False
1368229116.0	1e3mhh	Anti Venom	jaxspider	88	12	3		t5_2s4td	False
1363139984.0	1a6t8z	I re-sized a bunch of WP, I'd gladly take any requests! [640 x 960]	elperu27	81	3	21		t5_2s4td	False
1361965063.0	19blw3	Aperture Science Iron Man for the 4/4S	ButtPlugMaster	91	13	2		t5_2s4td	False
1355096193.0	14klwc	iPhone wallpaper of the best Christmas photo ever •.•	kitty_rawr	94	14	0		t5_2s4td	False
1374391373.0	1iqot7	Sexy!!!!	squaid28	126	51	7		t5_2s4td	False
1372938605.0	1hmnib	Cape.	HtlrLuvsJuice	98	20	5		t5_2s4td	False
1372710900.0	1hg743	Lighting on the Ocean	rawtalk	83	5	0		t5_2s4td	False
1368862192.0	1ekfwa	Buzz Lightyear [iPhone 5]	dregmogul	83	6	6		t5_2s4td	False
1375827863.0	1jucbn	Like this??	b1u2n3d4y	89	13	3		t5_2s4td	False
1374181284.0	1il3yq	Something I found...	xBravo4x	90	10	7		t5_2s4td	False
1369883248.0	1fbayi	For my Cake Day I give you all the iWallpapers I've cropped and edited for this sub and others	ThisIsNoobsRus	84	9	0		t5_2s4td	False
1365205733.0	1brn7y	A pic I took a while back	walrus42	83	6	5		t5_2s4td	False
1359376323.0	17fbz0	Tis But a Scratch Wallpaper	iriesurfcaptain	90	14	1		t5_2s4td	False
1373296382.0	1hv8kf	I just can't bear people.	CaptainJackHardness	93	19	2		t5_2s4td	False
1371919010.0	1gv11s	Lamborghini ass	Scarsthathurt	85	7	5		t5_2s4td	False
1364165387.0	1axsu3	A parrot. 		84	7	5		t5_2s4td	False
1342471607.0	wnvsp	Where the Sidewalk Ends - lockscreen [HD]	onemonkey	83	7	8		t5_2s4td	False
1376705198.0	1kizwp	Watercolor forest	corollanoble	79	2	0		t5_2s4td	False
1373123894.0	1hr1k1	Boba Fett. Minimalistic		87	10	5		t5_2s4td	False
1366681603.0	1cwn9f	saw this over in /r/borderlands2, for those siren players like myself. [iPhone 5]	ShardikOfTheBeam	78	1	0		t5_2s4td	False
1362288622.0	19kauq	Anyone know of any other wallpapers in this style?	drummerskd	83	7	5		t5_2s4td	False
1355657107.0	14xso4	"The Hitchhiker's Guide to the Galaxy
"	carg0cult	82	3	3		t5_2s4td	False
1347015337.0	zi1b1	This is my current iPhone wallpaper ;) may it annoy you as much as it annoys me..	birddancer	85	12	4		t5_2s4td	False
1373034644.0	1hox59	Cool iphone [4s] home screen. Hope you like.	white_nite55	87	15	8		t5_2s4td	False
1371327866.0	1gf0g7	Batman	shutupsherly	77	3	0		t5_2s4td	False
1371010471.0	1g6b9b	Could someone make this into an iPhone 4/4s wallpaper? I'd love you forever	toomanyoranges	88	17	10		t5_2s4td	False
1365812138.0	1c8pod	The anatomy of barney 4/4s	fishing4asparagus	82	9	0		t5_2s4td	False
1356984036.0	15qlck	My wallpaper for today. [iphone 4]	1lbd1	81	10	1		t5_2s4td	False
1369600458.0	1f3k3r	My wallpaper	Beastmode374	99	24	1		t5_2s4td	False
1368394347.0	1e7dsx	Nar-Wars 4/4s	fishing4asparagus	84	11	1		t5_2s4td	False
1365447142.0	1bxn77	A cool adventure time wallpaper I found.		87	12	4		t5_2s4td	False
1373200523.0	1hssm6	Don't know where I found this but I thought you guys would enjoy.	PantherJunkie	82	7	3		t5_2s4td	False
1372813119.0	1hjbdc	This is my favourite wallpaper of all time.		90	15	2		t5_2s4td	False
1370850682.0	1g184k	My wallpaper for months now	bigdipper907	78	9	0		t5_2s4td	False
1365476473.0	1byrkk	The most Canadian wallpaper you'll ever see. [4/4S]	kamacchio	84	11	7		t5_2s4td	False
1365105251.0	1bol0c	Galaxy	randomiraqi	75	3	3		t5_2s4td	False
1361588713.0	1927f9	Choose your weapon. One of my favorites. 	TIMMONS47	86	14	7		t5_2s4td	False
1359232943.0	17bybz	Yes just yes	fatevansdonuts	81	10	2		t5_2s4td	False
1358802151.0	170eas	Gone Fishing (iPhone 5 / info inside)	AnonymousSkull	78	7	5		t5_2s4td	False
1349320499.0	10wzq5	An old favorite	ohsnappamanda	78	5	4		t5_2s4td	False
1374469534.0	1isltc	Came across this beauty. Thought Reddit might appreciate.	masomatic97	101	27	2		t5_2s4td	False
1371849521.0	1gtil7	Enlist today!	underscoreDC	80	11	0		t5_2s4td	False
1370258150.0	1fkpak	Owl	mushkel	86	12	3		t5_2s4td	False
1367021006.0	1d6s7x	Django Unchained	garebearsfavorite	78	6	2		t5_2s4td	False
1365593188.0	1c21mt	Lines	mushkel	80	9	0		t5_2s4td	False
1364955383.0	1bk6ym	Weird iPhone 5 wallpaper I made using Illustrator and Photoshop. I'm planning on making more if it becomes popular	mikey64speedy	84	15	27		t5_2s4td	False
1364652565.0	1bavv9	Astronaut On Fire	phillipssyndrome	83	14	3		t5_2s4td	False
1364104182.0	1awhoa	Rainbow wave	ThatsNarfed	76	3	1		t5_2s4td	False
1348897489.0	10notc	So happy that I stumbled onto this subreddit...I've found my people! In celebration, here is a collection of my favorite iPhone 4 and older wallpapers. Starting an iPhone 5 gallery as of this week! Enjoy!	ArmaziLLa	73	4	3		t5_2s4td	False
1374851645.0	1j3mtb	Forest and the stars	mccauleyh	79	9	4		t5_2s4td	False
1372467919.0	1haack	Here is a Joker lock screen someone showed me.	HtlrLuvsJuice	76	8	2		t5_2s4td	False
1368722923.0	1egk2c	Dapper Dan	justpietzsche	88	18	6		t5_2s4td	False
1347220175.0	zm5p6	My lock screen wallpaper. Any good ones out there?	Ineedabeard	78	7	4		t5_2s4td	False
1372443357.0	1h9gwn	My current iPhone 5 wallpaper. A good looking wall paper.	Cydinio	73	5	1		t5_2s4td	False
1372227040.0	1h3c8i	"Tom Clancy's ""The Division"" wallpaper"	Juke265	77	9	1		t5_2s4td	False
1367460812.0	1diwss	"""Up"" wallpaper. (640x1136)"	Kmiller6637	73	2	3		t5_2s4td	False
1366532562.0	1csi6o	Joker, 1920's Mugshot [iPhone 5]	dregmogul	78	7	3		t5_2s4td	False
1365354199.0	1buz1w	Game of thrones for 4/4s	fishing4asparagus	75	3	0		t5_2s4td	False
1358613523.0	16vppi	I don't know about you guys but this looks pretty cool to me. 	fatevansdonuts	86	13	6		t5_2s4td	False
1374943100.0	1j604z	Monsters university mike	Horridon	82	16	2		t5_2s4td	False
1374077338.0	1ihrec	On of my favorites wallpapers	dykstra16	78	12	1		t5_2s4td	False
1373333953.0	1hwlz7	Thought of the day...	J-311	104	36	5		t5_2s4td	False
1372879848.0	1hl4e8	Porthole View	AZzombie	73	7	6		t5_2s4td	False
1369267079.0	1evbxw	Jimi Hendrix	jaxspider	73	5	1		t5_2s4td	False
1367874007.0	1dteep	Mars Attack	jaxspider	81	12	9		t5_2s4td	False
1347491681.0	zsj7f	Simple Breaking Bad wallpaper	exile_	74	4	2		t5_2s4td	False
1372400456.0	1h8fg5	Did somebody request this	yellowlemmons	75	8	2		t5_2s4td	False
1372113977.0	1gzzyj	My new wallpaper.	buzzkilingtonIII	75	9	2		t5_2s4td	False
1372016622.0	1gx9ie	Batman and superman (jae lee)	icikill	73	8	3		t5_2s4td	False
1371752025.0	1gqpln	Kaley Cuoco - iPhone 5	Kmiller6637	82	14	0		t5_2s4td	False
1347935314.0	1023pe	Space Skull	MMcCabe74	73	3	1		t5_2s4td	False
1335249085.0	splqt	As requested: I didn't do the star editing but here's the pic without quotes	DashSatan	71	3	3		t5_2s4td	False
1376147086.0	1k3adm	My current background for the 4s	chasetslice	84	18	2		t5_2s4td	False
1374991771.0	1j7dhc	Adventure Time/My Neighbor Totoro for 4/4s that's been my home screen since I got my iPhone. I can resize it per request!	BarcodeLabel	73	5	8		t5_2s4td	False
1370446993.0	1fq61j	Barcode: iPhone 5	Kmiller6637	72	5	2		t5_2s4td	False
1366647444.0	1cvcea	Nebula	Max_Kas_	69	5	1		t5_2s4td	False
1359956877.0	17uprk	Abandoned TARDIS (from /r/DoctorWho)	PissedInYourCheerios	72	3	3		t5_2s4td	False
1357863111.0	16chx9	The beautiful Mila Kunis and my current wallpaper	yourfavoritEnt	85	19	10		t5_2s4td	False
1337833684.0	u29j0	My small collection of iPhone wallpaper [HD]	airballoons	70	6	3		t5_2s4td	False
1370200744.0	1fj7nc	(Found) batman 1972	cyberg0st	71	4	0		t5_2s4td	False
1363669346.0	1akrgc	Train Tracks		68	5	1		t5_2s4td	False
1363189759.0	1a7xz9	Futuristic Assassins Creed	ButtPlugMaster	71	10	8		t5_2s4td	False
1358096847.0	16hwum	Batman and Scarecrow - Iphone 4 lock screen.	Alexfollett93	76	11	10		t5_2s4td	False
1374030613.0	1igm5f	I hope there's some Star Wars lovers on reddit	chasetslice	84	17	8		t5_2s4td	False
1373920071.0	1id3cn	For the breaking bad fans.	garebearsfavorite	75	11	2		t5_2s4td	False
1371613795.0	1gmt34	Minions	cmac91	74	13	0		t5_2s4td	False
1370990589.0	1g5m64	The new iOS 7 wallpaper.	patty_fatty	72	8	7		t5_2s4td	False
1365812316.0	1c8pw9	Aperture wallpaper, 1 size fits all	fishing4asparagus	68	3	0		t5_2s4td	False
1365677881.0	1c4lsv	Apple. Steve.	mushkel	80	16	4		t5_2s4td	False
1365362341.0	1bv8pc	Grandma is a thug wallpaper	Greg_Tilapia	71	6	7		t5_2s4td	False
1361765485.0	1968ql	Medieval Hawkeye.	havocson	73	7	3		t5_2s4td	False
1373486593.0	1i13cq	Marilyn Monroe with headphones, for the guy who couldn't find it.	DrTC_AMA	74	8	3		t5_2s4td	False
1373386120.0	1hxwut	Request, is done.	PantherJunkie	71	7	3		t5_2s4td	False
1371356088.0	1gfrvg	Does anyone have more flat, colorful, simple landscapes like this one? (Preferably Retina, non-iP5)	qdhcjv	72	8	12		t5_2s4td	False
1371045644.0	1g71o4	Use the bad to become a badass motherfucker.	Isuhydro	66	7	5		t5_2s4td	False
1369776925.0	1f84xc	SpiderMan 2099	jaxspider	70	5	1		t5_2s4td	False
1368995445.0	1eneu2	Water with lights across the bay	caittully	68	2	1		t5_2s4td	False
1366160764.0	1ci2jj	Gentleman shark 4/4s	fishing4asparagus	66	5	1		t5_2s4td	False
1336491097.0	td1kz	Iron man by Sam Spratt	plooff	66	1	2		t5_2s4td	False
1373603217.0	1i4str	One of my favorite backgrounds [some what nsfw]	lolkingfred1	91	27	2		t5_2s4td	False
1369437506.0	1f01qi	Luis Ricardo Falero's painting Vision of Faust	jaxspider	72	7	1		t5_2s4td	False
1368920829.0	1elqb5	A great zombie picture I found a while ago(IPhone4/S)	Harjaan	69	3	1		t5_2s4td	False
1365008643.0	1blj9j	Saw this photo on Instagram and had to make it into a wallpaper. (iPhone 5)	Kmiller6637	67	6	3		t5_2s4td	False
1363782173.0	1anq2x	Portal. The Cake is a lie	JakeHawk16	75	14	4		t5_2s4td	False
1363027589.0	1a3hpe	First one I made is still my favorite. Minimal and classic	aqua_fish	71	9	3		t5_2s4td	False
1361861566.0	198wp1	License to Carry...	formerglory	75	15	2		t5_2s4td	False
1361805349.0	1970jc	Mike Wizowski!	Beastmode374	77	17	6		t5_2s4td	False
1359578674.0	17kzco	Can someone resize this for ipod touch 5? 	jesusmonkey	80	17	14		t5_2s4td	False
1375144498.0	1jbcz3	I love this	ILLSTABYOUWITHABRICK	69	10	1		t5_2s4td	False
1373778746.0	1i9etf	My current lock screen. I love this mainly because I'm a violinist.	Hynds_Ketchup	68	7	3		t5_2s4td	False
1370908565.0	1g2z6k	Anyone have a link to the wallpaper on the first iPhone to the left?	lookatmybird	64	6	14		t5_2s4td	False
1370872613.0	1g1lrh	As a college football player coming from a Junior College this is my motivation every morning.	OneAndOnlyChubbs	84	23	7		t5_2s4td	False
1370555714.0	1ftk4f	Love this wallpaper. 4/4S	sam250652	66	3	2		t5_2s4td	False
1369952859.0	1fd7gh	The Lion King: Hakuna Matata!	jaxspider	69	10	5		t5_2s4td	False
1369594322.0	1f3djp	My wallpaper	ElSheep	74	16	0		t5_2s4td	False
1367165581.0	1d9zpy	The joker	StaticUO	87	26	5		t5_2s4td	False
1364263756.0	1b0l8p	Four months and running	LxWinter	67	9	0		t5_2s4td	False
1362281531.0	19k4d7	My current wallpaper!	buzzkilingtonIII	90	28	8		t5_2s4td	False
1359429440.0	17h21r	Cool wallpaper thanks to reddit	iriesurfcaptain	73	10	1		t5_2s4td	False
1359072535.0	1781tq	Any Rammstein fans?	jrgzz20	65	7	9		t5_2s4td	False
1371699318.0	1gpdxn	Blue Abstract Background Pulled From Speedtest.net App	jiberjiber	67	4	0		t5_2s4td	False
1371226226.0	1gcfnm	Abstract [5]	Kmiller6637	72	13	3		t5_2s4td	False
1371146657.0	1ga68s	NASA's Black Marble - a nice dark wallpaper for saving battery power	Muscly_Geek	69	6	6		t5_2s4td	False
1370304469.0	1fm8wi	Photo I took and edited with my iPhone 4S	thegritmaster	68	11	2		t5_2s4td	False
1364589826.0	1b9id6	My Delorean wallpaper	W1n5t0n787	66	2	3		t5_2s4td	False
1364349809.0	1b31yr	Minimalistic Batman	FlyingPandaRape	66	6	6		t5_2s4td	False
1364054199.0	1av2l8	Night time mountain art. Or something.	ramblinrek25	62	4	3		t5_2s4td	False
1363328049.0	1ac530	My collection of cropped wallpaper from /r/wallpapers to fit iPhone 4/4s. I don't take credit for actual photos taken.	Ghestro	65	8	3		t5_2s4td	False
1360098253.0	17ydqa	[request] Aw yiss, for my iPhone 5 please. 	FrankieForte	79	16	5		t5_2s4td	False
1358452801.0	16rptb	My current wallpaper :D	employedasp	87	24	2		t5_2s4td	False
1335468723.0	su0uo	Super Mario	the_fuzzy_one	64	1	1		t5_2s4td	False
1373386171.0	1hxwxh	There you go.	PantherJunkie	72	16	0		t5_2s4td	False
1371512455.0	1gjty6	Rock, Paper, Scissors (i5)	The_Great_Jake	77	18	2		t5_2s4td	False
1371189050.0	1gbmff	Cool eerie wallpaper I found a while back	BeastOf13urden	64	5	2		t5_2s4td	False
1366006180.0	1cdife	Big Black Delta	stackofthumbs	63	1	2		t5_2s4td	False
1363760146.0	1andxi	Vancouver payphone 	Rastapopulous	68	10	3		t5_2s4td	False
1358609867.0	16vmjn	Request fulfilled 	m0rgan23	64	5	2		t5_2s4td	False
1357989649.0	16flwn	Whale poses for photographer on the bottom of the ocean.	qyasogk	60	3	2		t5_2s4td	False
1356611012.0	15ilui	Deadpool 640x960	MarkKnightRises	63	2	0		t5_2s4td	False
1374665454.0	1iy7go	It's called Springtime for Godzilla	ghobes	68	10	1		t5_2s4td	False
1371957287.0	1gw2gh	Avenger Time	underscoreDC	78	18	1		t5_2s4td	False
1365710566.0	1c5nit	iPhone 5 - Big Lebowski	xblacklistedx	63	6	0		t5_2s4td	False
1359556639.0	17k8qm	It's so simple once you look up dimensions	LickMePuthy	123	66	21		t5_2s4td	False
1358404223.0	16qmiv	My current wallpaper (and has been for some time); female astronaut Anna Fisher.	azechiel	64	6	0		t5_2s4td	False
1357869274.0	16cpcu	Maybe a re-post but I enjoy this one	fedex_drop_box	65	5	1		t5_2s4td	False
1353094064.0	13baeq	Resize for iPhone 4s please? 	HushPuppy30	74	17	6		t5_2s4td	False
1342899255.0	wxnyr	Filled in that request	TheRealSandman	63	6	3		t5_2s4td	False
1341389614.0	w0uyh	Found this on another subreddit, thought you guys might appreciate it.	bighungryalex	71	13	4		t5_2s4td	False
1376023638.0	1k0anq	Simple superman wallpaper (iPhone 5)	em-dawg1	65	9	0		t5_2s4td	False
1374625181.0	1ix7h3	Need a wallpaper? Why not Zoidberg? (Xpost r/futurama)	drawture	69	14	2		t5_2s4td	False
1366020349.0	1cdqm4	Godzilla (iPhone 5)	MastaFlash	65	8	4		t5_2s4td	False
1365697171.0	1c54wx	iPhone 5 Blurry Rain	Max_Kas_	68	7	1		t5_2s4td	False
1362618760.0	19tbgq	Anyone here like misfits? [tv show] for iPhone 4.	jesusmonkey	62	3	14		t5_2s4td	False
1362061136.0	19e9lz	Jake the Dog quote wallpaper for 4/4S	ButtPlugMaster	65	8	2		t5_2s4td	False
1361129456.0	18pd5m	Combined a few different wallpapers into this while playing with Paint.Net to see how it compared to Photoshop... let me know what you think.	first2di3	67	8	10		t5_2s4td	False
1360286575.0	183paq	[Request] if you resize this for an iphone 4, you'll need rotator cuff surgery for all the high fives you're going to get  	glassnake23	68	10	7		t5_2s4td	False
1359705827.0	17oo8k	Someone wanted this fixed for their iPhone 4 this is the best I could do if anyone wanted it	Sjoyce486	68	11	1		t5_2s4td	False
1376011634.0	1jzwzb	The Joker for iPhone 5	The_Great_Jake	60	5	0		t5_2s4td	False
1375351371.0	1jhh7h	Pulp Fiction wallpaper for 4/4s. I can resize per request!	BarcodeLabel	62	3	12		t5_2s4td	False
1375244568.0	1jefqg	My current wallpaper. Thought maybe some of you soul eater fans might like it.	Wendys_frys	60	4	1		t5_2s4td	False
1374580908.0	1ivnux	Bmo	mlporbitz	66	7	3		t5_2s4td	False
1371045465.0	1g71hu	Album of all 10 new iOS7 Wallpapers (x-post /r/iosthemes)	markbuch	61	3	6		t5_2s4td	False
1369348388.0	1exmfg	Could someone resize this for an iphone 5 wallpaper?	Enomis1995	61	8	5		t5_2s4td	False
1369344037.0	1exgqh	Moon / shore iphone 5	DefyRS	59	1	0		t5_2s4td	False
1367150462.0	1d9o13	Dr Seuss Star Wars Book Cover	dregmogul	63	6	0		t5_2s4td	False
1365398877.0	1bwghe	Enjoy	BoboTheClown1029	69	15	0		t5_2s4td	False
1364920480.0	1biuzm	Iron Man 3	dregmogul	60	5	3		t5_2s4td	False
1362058683.0	19e7sj	Pac man for iPhone 5.	Lupfer62	63	5	7		t5_2s4td	False
1356590906.0	15ibed	My new lockscreen 	claytonhulme	70	17	3		t5_2s4td	False
1355168307.0	14mba7	The start up screen for the new Nintendo Pokédex app makes a great wallpaper.	SilverGhost93	66	8	5		t5_2s4td	False
1376622509.0	1kgqrq	Epic wallpaper for the 5	avster99	60	7	3		t5_2s4td	False
1375651807.0	1jp8n6	Bigger on the Inside [High Res for iPhone 5]	JamesEeeTaylor	70	15	0		t5_2s4td	False
1375127201.0	1japug	The same house from the same angle (xpost from pics)	firewaffle	67	13	3		t5_2s4td	False
1375104676.0	1j9wdg	Dark Knight Rises movie poster that makes a great wallpaper		58	4	1		t5_2s4td	False
1373397384.0	1hycfp	Minimalist Hulk, if someone is interested	alexclp	59	5	1		t5_2s4td	False
1373076536.0	1hq6mx	Request fulfilled	kombatwaffle	65	9	4		t5_2s4td	False
1372812075.0	1hja56	The long road. (iPhone 5)	Cydinio	57	4	2		t5_2s4td	False
1371803162.0	1gs8xe	Sharp and simple	Troylikesrocks	57	1	0		t5_2s4td	False
1367622648.0	1dndlf	Badass giraffe riding a shark	caittully	62	6	1		t5_2s4td	False
1367098304.0	1d8jg9	Planet express 4/4s	fishing4asparagus	61	6	0		t5_2s4td	False
1366469026.0	1cqqk7	Daft Punk Wallpapers (iPhone 5)	MattPascual	58	1	2		t5_2s4td	False
1360205485.0	181hpr	A true American wallpaper 	iriesurfcaptain	68	12	1		t5_2s4td	False
1359684350.0	17o3np	Thought this would fit here nicely(x-post from r/gaming)	swirvathin423	57	4	0		t5_2s4td	False
1354995558.0	14id39	Sometimes being at work before the sun comes up has its advantages.	holmn17	59	5	2		t5_2s4td	False
1352331878.0	12try9	Skyward Sword Crest [OC] (xpost from /r/zelda)	mrmiller5	61	8	3		t5_2s4td	False
1347655861.0	zw8ok	Does anyone have this wallpaper?	DashSatan	60	2	7		t5_2s4td	False
1374995977.0	1j7f4t	Any Portal 2 fans out there? 4/4s. I can resize it per request!	BarcodeLabel	60	7	1		t5_2s4td	False
1372201694.0	1h2jxx	While we're showing our wallpapers.	HtlrLuvsJuice	67	10	2		t5_2s4td	False
1372107741.0	1gzrsi	Currently my favorite wallpaper. Anyone have anything similar?	omega927	62	9	11		t5_2s4td	False
1371090156.0	1g8p21	Train tracks in fall.	internet_afro	63	10	2		t5_2s4td	False
1368187760.0	1e2bmo	One of my favorite wallpapers	Thurvald	63	7	3		t5_2s4td	False
1367603930.0	1dmr5m	Work slowly Enjoy :)	InstaRageMode	60	3	0		t5_2s4td	False
1366072870.0	1cffh7	Nice bioshock wallpaper 4/4s	fishing4asparagus	58	4	3		t5_2s4td	False
1363298713.0	1ab8g6	"""Walking Dead"" wallpaper"	Greg_Tilapia	63	10	0		t5_2s4td	False
1361892058.0	199fv6	City at night. If anyone wants them, I also have one for morning, noon, and evening.	limelight22	61	4	8		t5_2s4td	False
1355011030.0	14isng	Respond to request	axman22	64	11	2		t5_2s4td	False
1351985717.0	12l5my	The Hobbit - Ambigram (640x960)	quik28	58	5	3		t5_2s4td	False
1374935216.0	1j5srj	Could someone put sum nice ol' space in the background?	EpicFlyDonkey	62	8	11		t5_2s4td	False
1374565660.0	1ivexl	Soul eater anyone?	celleater	57	8	4		t5_2s4td	False
1374346538.0	1ipi1n	Star Wars	shutupsherly	67	14	0		t5_2s4td	False
1374267031.0	1inmip	My current wallpaper	journeydeefus	59	8	2		t5_2s4td	False
1371652696.0	1gnnvt	Reservoir Dogs	W1n5t0n787	65	10	1		t5_2s4td	False
1370975818.0	1g4zvp	Stunning tilt shift (original in comments)	quoiqui	62	11	3		t5_2s4td	False
1368817530.0	1ej8rc	Long time wallpaper	DownWithZac	66	10	3		t5_2s4td	False
1366247305.0	1ckpfu	For the Superman fans (4/4s)	DashSatan	58	3	5		t5_2s4td	False
1362656382.0	19u9n9	"As requested, the Funked out cat, without the words.
If anyone would like anything else done with it, just let me know and I'll be glad to do it!"	TheMan98	58	5	8		t5_2s4td	False
1347441223.0	zrb5a	This is for you Portal fans out there.	yasisterstwat	56	4	0		t5_2s4td	False
1340767216.0	vo0a5	Searching for iPad wallpapers when all of the sudden...	AlchemicalBliss	57	4	3		t5_2s4td	False
1374465708.0	1isi07	Game of Thrones houses [iPhone 5]	DarthCthulhu	62	7	7		t5_2s4td	False
1374462292.0	1isedn	In the Cockpit	the_dark_	61	8	4		t5_2s4td	False
1367944255.0	1dvbms	[Release] Iron Man Wallpaper theme for iPhone 5. Integrated Lock Screen and Homescreen themes included!	trebory6	62	13	15		t5_2s4td	False
1364401535.0	1b48eu	Pokemon wallpaper I made.	havocson	65	13	1		t5_2s4td	False
1360919345.0	18kntv	"Ladies and Gents, may I present the most gorgeous collection of minimalist wallpapers I have ever seen. 
Can be used for Desktop, iPad and iPhone. "	namesaretoolong	60	4	2		t5_2s4td	False
1358980052.0	175fgp	Can someone make the background in this wallpaper white instead of black?	limelight22	66	10	6		t5_2s4td	False
1335364003.0	srs3x	[HD] Scarlett	ink_golem	66	12	0		t5_2s4td	False
1324663240.0	no4lz	I took a few wallpapers and made them iPhone backgrounds.  Check it out!  [640 x 960]	blueyedlvrx01	60	6	2		t5_2s4td	False
1323136589.0	n1wl7	That'sssss a nicccccceee iPhone you have there...		61	7	2		t5_2s4td	False
1375380780.0	1jich6	Biggie Smalls [iPhone 5]	Snacks11	63	11	2		t5_2s4td	False
1374443501.0	1irt7i	For the Doctor Who fans	Time2GetUp	63	14	2		t5_2s4td	False
1373420275.0	1hz73o	[REQUEST] Can a good soul make this into a wallpaper for a fourth gen	banksto12	65	16	4		t5_2s4td	False
1370191687.0	1fixmc	Night sky [4]		57	4	0		t5_2s4td	False
1369688453.0	1f5pct	Eiffel Tower	theWongPlace	56	5	0		t5_2s4td	False
1369350003.0	1exof2	Star Wars: Boba Fett	jaxspider	55	5	1		t5_2s4td	False
1369009577.0	1enw13	My current wallpaper (iphone 5)	ChicagoFreeze	57	4	3		t5_2s4td	False
1365739031.0	1c6p7h	Looking down a guitar neck (iPhone 5)	Oske7	57	4	0		t5_2s4td	False
1359425901.0	17gxc9	My perfect new wallpaper	iriesurfcaptain	54	3	0		t5_2s4td	False
1358381447.0	16puzb	Seattle at New Years eve 2013 for the iPhone 5. (iPhone 4/4s in comments)	Mitty002	54	4	3		t5_2s4td	False
1354924441.0	14h0fn	iPhone Iron Man Reddit Alien Wallpaper (x-post from /r/pics)	kitty_rawr	53	2	1		t5_2s4td	False
1354578763.0	148a8x	Rorschach from Watchmen [iPhone 4]	SandvichAssassin	57	6	1		t5_2s4td	False
1347811286.0	zz3hz	[Request] Can this masterpiece be resized for an iPhone?		58	6	2		t5_2s4td	False
1345472681.0	yiuuc	Shuttle launch (x-post from r/pics) 	xPlatypusVenom	52	1	1		t5_2s4td	False
1342278235.0	wju52	Coffee Owl :: HD	theskyisblue222	52	2	1		t5_2s4td	False
1376664773.0	1kho39	Thought I would share my space themed wallpapers that I've been using on my iPhone 5 since launch.	g0shua	57	6	0		t5_2s4td	False
1375750432.0	1js2i0	Calvin and Hobbes	revolct	59	6	3		t5_2s4td	False
1375580544.0	1jnosy	I saw this on imgur, makes a beautiful wallpaper with some resizing. I take no credit for it, I just saw it :)	TheFearlessGent	56	9	4		t5_2s4td	False
1375331740.0	1jh28s	[Request] can someone please change the background colour to white? And perhaps darken the writing on the right? Thanks! :D	TheFearlessGent	57	6	10		t5_2s4td	False
1374949352.0	1j66mk	My new iPhone 5 Wallpaper	rich86man	59	5	4		t5_2s4td	False
1373753827.0	1i8ovh	Something for you Spider-Man fans	chasetslice	55	6	2		t5_2s4td	False
1373516350.0	1i25of	Batman (iPhone 5)	Kmiller6637	52	5	1		t5_2s4td	False
1371323251.0	1gevkv	Batman	shutupsherly	55	5	2		t5_2s4td	False
1368058154.0	1dyuos	Earth.	Hayden445	54	3	0		t5_2s4td	False
1366405735.0	1cp7je	"Daft Punk ""Get Lucky"""	gabob	57	7	0		t5_2s4td	False
1366115481.0	1cggtu	Can someone please resize this to get rid of the white lines at top and bottom?	ResurrectionQ	59	7	19		t5_2s4td	False
1364085701.0	1aw0ec	Despicable Batman [iPhone 5] 	dregmogul	56	8	8		t5_2s4td	False
1361877560.0	1995pz	Nightwing	ButtPlugMaster	55	7	0		t5_2s4td	False
1361081814.0	18oiv2	Breaking Bad bear? I think yes	jesusmonkey	61	11	1		t5_2s4td	False
1360734848.0	18fiib	Pokemon Wallpaper [4S] (iPhone 5 in comments)	exile_	54	4	4		t5_2s4td	False
1352247661.0	12rffj	Taking resize requests for iphone 5 4/4s	drmtnpepperman	91	43	30		t5_2s4td	False
1347478214.0	zs4sq	Mario	shniglefritz	53	3	3		t5_2s4td	False
1332893829.0	rgpih	Record Needle [HD]	blackstrat	52	5	0		t5_2s4td	False
1332641644.0	rc6lc	The Walking Dead [HD]	blackstrat	54	2	1		t5_2s4td	False
1376588695.0	1kfjlv	Double exposure. [iPhone 5]	GabrielAviles	57	9	6		t5_2s4td	False
1372263179.0	1h45y6	Painted girl	PonyHead	53	3	0		t5_2s4td	False
1371150141.0	1gab5d	Our galaxy, the Milky Way, amidst some trees.	Muscly_Geek	52	2	0		t5_2s4td	False
1370353455.0	1fnfm3	Business Cat (iPhone 5)	reposed	54	6	6		t5_2s4td	False
1368548736.0	1ebln1	Random Access Memories [4/4S]	TheSonicDoctor	55	8	1		t5_2s4td	False
1368446823.0	1e8n7w	Scott Pilgrim [iPhone 5]	dregmogul	53	6	4		t5_2s4td	False
1368044584.0	1dyckr	Boxex	jaxspider	54	5	3		t5_2s4td	False
1366831788.0	1d12nd	Pokemon Minimal	randomiraqi	56	9	3		t5_2s4td	False
1366824958.0	1d0t3f	Harvey Dent (4/4S)	RUBBER_DICK	54	7	0		t5_2s4td	False
1362536074.0	19qyp5	A Wire wallpaper? Sheeeit	jesusmonkey	59	12	0		t5_2s4td	False
1361092082.0	18oozs	Colored favorite	drawture	55	6	0		t5_2s4td	False
1353883032.0	13s2sa	"Jut made this into a wallpaper.
Jesus riding a velociraptor [iphone 5 screen]"	ozzymustaine	82	33	0		t5_2s4td	False
1350780447.0	11tmu7	Deal with it	DeathByNUUUU	59	11	2		t5_2s4td	False
1349989858.0	11bwap	I resized some of my favorite wallpapers for the iPhone 5 and thought I would share - Enjoy! iPhone 4/4s link in comments [x-post from r/iphone per request]	k8o	51	2	4		t5_2s4td	False
1339623682.0	v0j3k	Han Solo(x-post quoteporn)	Mackzilliron	50	1	0		t5_2s4td	False
1335749049.0	sz0bn	This was In pics. Looks great.	Hamstertoast	51	4	2		t5_2s4td	False
1375894428.0	1jw663	"[REQUEST] Tycho's - ""Dive"""	expedience	55	6	2		t5_2s4td	False
1374711596.0	1izsou	Lets play video games	Dragonite_149	62	13	5		t5_2s4td	False
1373216255.0	1ht4pf	Good view	lolkingfred1	54	5	0		t5_2s4td	False
1371012254.0	1g6d92	Triangle in the woods	blackstrat	56	9	7		t5_2s4td	False
1363700250.0	1alasy	I'm a big fan of Trey Ratcliff's photography. I cropped some of his images to fit the iPhone 5.	cjhelms	58	12	6		t5_2s4td	False
1361078621.0	18ogd3	My current lock screen	JThunderwood	54	7	1		t5_2s4td	False
1360703598.0	18eelp	Dr. Seuss Quote Wallpaper I threw together.	unicornsandnarwhals	53	6	0		t5_2s4td	False
1360331727.0	184pma	Lost wallpaper but not the lost your thinking of	iriesurfcaptain	60	12	4		t5_2s4td	False
1359394015.0	17frnf	Took this photo with my phone one foggy morning.	SmithSyndicate	64	16	7		t5_2s4td	False
1358040658.0	16gu7w	Crow	RapturesAura	53	3	1		t5_2s4td	False
1346695328.0	zagd5	Nice lock screen wallpaper. I have a good home screen one to go with it. 	KyroDCK	50	2	3		t5_2s4td	False
1341123356.0	vvcao	iphone users will enjoy this	Chewy2009	61	15	22		t5_2s4td	False
1336887249.0	tkn7m	[HD] Some more Pokemon wallpaper.  This time it's the cities!  (more in comments)	ink_golem	53	3	9		t5_2s4td	False
1307769979.0	hwysr	[HD] Hand-drawn by Sure_Ill_Draw_That	angrychimp	55	6	1		t5_2s4td	False
1376005771.0	1jzq35	Mountains	Lupfer62	54	5	1		t5_2s4td	False
1373468865.0	1i0eku	Tom and Jerry [iPhone 5]	randomiraqi	51	6	0		t5_2s4td	False
1371940646.0	1gvn6d	Star Wars	underscoreDC	51	4	0		t5_2s4td	False
1369089876.0	1eq42r	"Johnny Bravo ""Wooaahh, Mama!"""	jaxspider	49	4	0		t5_2s4td	False
1369089589.0	1eq3pe	IT Crowd Seal / Coat of Arms	jaxspider	57	9	1		t5_2s4td	False
1368013556.0	1dxd0e	Batman beyond joker face	icikill	57	13	0		t5_2s4td	False
1367664159.0	1do8in	Fly away penguins	caittully	49	5	3		t5_2s4td	False
1367450710.0	1dijuc	To our troops	Beastmode374	77	33	14		t5_2s4td	False
1363927100.0	1as6kr	Assassin's Reflection	ButtPlugMaster	49	3	0		t5_2s4td	False
1361572870.0	191qw4	Just zoom in a bit, It'll work	MrCreeper702	53	7	7		t5_2s4td	False
1359776341.0	17qijd	New wallpaper for all the funky cats out there 	iriesurfcaptain	59	12	0		t5_2s4td	False
1358710672.0	16xyta	My grumpy cat wallpaper	iriesurfcaptain	60	12	1		t5_2s4td	False
1355362447.0	14rcx3	Paperman (Short from before Wreck-It Ralph) [iPhone 5]	LukeGreatGuy	50	3	5		t5_2s4td	False
1353526038.0	13kx1o	Flaming Astronaut walking the streets of New York. 	Benster96	61	11	2		t5_2s4td	False
1348874530.0	10n7ca	[i5] As Requested, The Blueprint	ink_golem	51	7	7		t5_2s4td	False
1348497862.0	10e6ol	The one reason I'll regret upgrading to iOS6...		61	16	13		t5_2s4td	False
1346162838.0	yymdd	Matrix iphone	ryder09	53	4	0		t5_2s4td	False
1376202718.0	1k4ss3	Found this on r/daftpunk and thought it made a really cool wallpaper.	Gambet72	54	10	3		t5_2s4td	False
1375350383.0	1jhgly	Breaking Bad wallpaper for 4/4s. I can resize per request!	BarcodeLabel	53	6	10		t5_2s4td	False
1375194147.0	1jcl3b	Mountain Lion's default wallpaper for iPhone [4/4S]	UniqueName02	53	3	1		t5_2s4td	False
1374114573.0	1ij5un	F3-7T service droid		55	6	5		t5_2s4td	False
1373264157.0	1hukzl	Inspired by a graffiti post I saw on r/pics (OC)	pi-e	53	11	1		t5_2s4td	False
1372819363.0	1hjikb	One of my favorite wallpapers	Chanda123	58	10	3		t5_2s4td	False
1372760946.0	1hhm7m	My wallpaper	FOLxkillaz	59	11	0		t5_2s4td	False
1372388949.0	1h83nk	Kingdom Hearts II background	lolkingfred1	57	10	3		t5_2s4td	False
1372178277.0	1h1o6q	iOS 7 starry wallpaper, [1536x2048]	tombor	49	4	2		t5_2s4td	False
1372003061.0	1gwvbq	Venom	underscoreDC	53	8	0		t5_2s4td	False
1371910575.0	1gutu8	Venom	underscoreDC	54	9	8		t5_2s4td	False
1369075409.0	1epk5l	I guess this is kinda cool.	onefuckinminute	71	23	2		t5_2s4td	False
1361026168.0	18n01i	F-16Ds of the USAF Thunderbirds perform a synchronised turn over Nevada [Xpost from r/MilitaryPorn]	twb2k8	51	6	1		t5_2s4td	False
1359493560.0	17inbh	My current wallpaper. 	r3dfox8	50	5	4		t5_2s4td	False
1357206103.0	15vra6	C418	limelight22	51	7	1		t5_2s4td	False
1356569212.0	15hryr	"Thought I should show you my wall paper I love
It :)"	zzqp37	56	9	0		t5_2s4td	False
1356308580.0	15ck8r	My current lock screen	TantumExordium	50	6	1		t5_2s4td	False
1352335925.0	12twhz	I'm modding my iPhone 5 case to be from Stark Industries, so I made this wallpaper for the Lock Screen. App Screen coming soon.	trebory6	52	6	5		t5_2s4td	False
1349405712.0	10z2ir	Lockscreen	drawture	60	14	8		t5_2s4td	False
1376443581.0	1kbi8z	Felix wallpaper	the_dark_	52	6	1		t5_2s4td	False
1374515613.0	1itqd4	You're the bane of my existence...	qbox11	57	10	0		t5_2s4td	False
1373690705.0	1i7aso	Lonely forest path	rawtalk	49	2	1		t5_2s4td	False
1373394082.0	1hy7oy	Could anyone possibly re size this for an iPhone 5 and/or Samsung galaxy s2? I would be eternally grateful.	_MorganFreeman_	62	15	2		t5_2s4td	False
1372395793.0	1h8bc4	Found this on deviant art one day, and I've been using for close to 8 months.	Pancakification	51	6	0		t5_2s4td	False
1368994616.0	1endss	(Found) david bowie panting	cyberg0st	55	8	1		t5_2s4td	False
1367713002.0	1dpfsb	Minecraft breaking free	caittully	57	11	0		t5_2s4td	False
1365091600.0	1bo1lv	Shock Unlock Patrick	buxtonshaun	64	16	3		t5_2s4td	False
1364017263.0	1auhds	Baum	mikeltod	50	5	7		t5_2s4td	False
1364012893.0	1audr6	The first rule of fight club is...	jesusmonkey	50	9	3		t5_2s4td	False
1359175690.0	17audd	[Request] can one of you magnificent people resize this for iphone 4 please?	CanisMajorisV	60	13	6		t5_2s4td	False
1358994168.0	175xmz	My new wallpaper... Indiana Mouse 	iriesurfcaptain	49	4	1		t5_2s4td	False
1356142233.0	159e5z	Haring &amp; Banksy - Graffiti icons	smozer36	54	9	2		t5_2s4td	False
1355538805.0	14vk0s	Got bored, scaled a few wallpapers for the iPhone 5. I think the brain one is the winner.	iGhostship	51	4	5		t5_2s4td	False
1353020112.0	139kr9	Designed for Iphone 4 joker ;)	AlexCoomber145	50	7	2		t5_2s4td	False
1348386946.0	10c2kz	As Requested, the Shitty Watercolor has been resized.	ink_golem	48	1	3		t5_2s4td	False
1339771095.0	v3gxt	Movie posters make for great wallpapers!	Mackzilliron	47	3	0		t5_2s4td	False
1334595651.0	scm6q	I threw this together on paint. All credit given to Calvin and Hobbes. 	DashSatan	50	5	4		t5_2s4td	False
1320088732.0	lvhvn	I keep coming back to this one	G_O_B_Bluth	49	4	2		t5_2s4td	False
1376331011.0	1k7yqg	My current (4) wallpaper.	stephwitt	51	9	3		t5_2s4td	False
1373841185.0	1iauf5	One of my favorites	em-dawg1	52	5	1		t5_2s4td	False
1371103349.0	1g93b3	Any Halo novel fans?	iReptarr	56	9	0		t5_2s4td	False
1369876951.0	1fb3gj	Epic mid evil batman armor	Rhombicubodron	56	11	2		t5_2s4td	False
1368044706.0	1dycqs	Pew pew pew	jaxspider	46	3	0		t5_2s4td	False
1367797632.0	1drcpn	Got a nice Aperture Science wallpaper for iPhone 4/4s	FrostyCaribou	49	5	5		t5_2s4td	False
1367510984.0	1dk374	Don't Panic [4/4S]	CthulhuCompanionCube	47	0	6		t5_2s4td	False
1367439786.0	1di5c3	Deadpool (4/4s)	savcody	50	7	3		t5_2s4td	False
1364747562.0	1bd3z5	Clouds	randomiraqi	49	7	2		t5_2s4td	False
1361919136.0	19adxn	Homesick - A Day To Remember. Pretty cool. [4/4S]	kamacchio	52	6	2		t5_2s4td	False
1361165475.0	18qhqu	How I Met Your Mother	TheB1ackDah1ia	60	18	10		t5_2s4td	False
1352497440.0	12xn3r	Respond to request	axman22	55	11	2		t5_2s4td	False
1351968063.0	12koj9	One of my favorite iPhone 5 wallpapers:) I was also tould to post this here:]	planbskte11	52	8	4		t5_2s4td	False
1351573797.0	12boky	"This image CANNOT become a wallpaper. Please read my comment to understand why. (For the many people who are unfamiliar with how to crop an image and what ""resolution"" means)"	jarjar4evr	56	16	7		t5_2s4td	False
1351118643.0	1216nt	Made one from a tiger underwater post a little while ago.	deadtub	46	2	1		t5_2s4td	False
1349320735.0	10x000	Saw this on r/pics yesterday, makes a great lock screen for you joker fans.	mmtastychairs	55	8	1		t5_2s4td	False
1340058020.0	v8v3l	What would my iPod be like without this Iron Man wallpaper?	BlasianX	50	5	6		t5_2s4td	False
1375772465.0	1jsqey	Took this with my iPhone, thought someone would like it!	DrSoupy	50	6	1		t5_2s4td	False
1375728191.0	1jr8jw	Gorgeous red Bugatti	mccauleyh	49	4	5		t5_2s4td	False
1374135223.0	1ijpnl	the lump on the run is my lock screen.	-stormtrooper-	48	2	0		t5_2s4td	False
1373516306.0	1i25mq	"""Fibonacci Vortex"" by Leif Podhajsky"	John_of_Malpais	44	4	10		t5_2s4td	False
1371868289.0	1gu2oh	Amazing iphone 5 wallpaper	itsnotcheese	47	8	3		t5_2s4td	False
1371590315.0	1gm0ru	Willis Tower (Sears Tower), Chicago (iPhone 5)	phammybly	47	3	1		t5_2s4td	False
1370100684.0	1fgthj	As requested, Daft Punk for iPhone 5	mrhumblebob	53	11	2		t5_2s4td	False
1369686398.0	1f5mwb	Portal 2 wallpaper [iphone 5]	employedasp	48	2	1		t5_2s4td	False
1369044514.0	1eopfn	My Wallpaper	DerpSteve	49	7	0		t5_2s4td	False
1364955013.0	1bk6ga	My wallpaper &lt;3	blboyle22	106	61	11		t5_2s4td	False
1359580180.0	17l1gg	Haters gonna hate this wallpaper	iriesurfcaptain	48	5	0		t5_2s4td	False
1359579149.0	17l00a	True mobster	iriesurfcaptain	47	2	2		t5_2s4td	False
1354829284.0	14elic	[Request] Can someone make this an iPhone 5 wallpaper? With the text below Mewtwo?	aforg4G	52	10	9		t5_2s4td	False
1351183107.0	122mes	Little Cheetah	deadtub	49	6	0		t5_2s4td	False
1349898750.0	119opy	Japanese woodart ( The legend of zelda ) Hope you enjoy it ! 	InstaRageMode	46	3	4		t5_2s4td	False
1347394286.0	zq5q9	[Request] Can someone turn this Deadpool &amp; Spiderman pic into a iPhone 4 wallpaper?	kolyz	51	12	5		t5_2s4td	False
1346093820.0	yx0uy	Pokemon [HD]	kyo3	52	7	3		t5_2s4td	False
1325733196.0	o3fjw	My new iPhone Wallpaper Blog	iwalldepot	52	8	2		t5_2s4td	False
1376572700.0	1kezyo	My LS wallpaper	Yesyesiamkamil	45	0	0		t5_2s4td	False
1375551298.0	1jmv9r	Bigger on the inside	shutupsherly	67	25	1		t5_2s4td	False
1374256359.0	1in83x	Help me! What's the wallpapers this guy using on HS and LS?	Yesyesiamkamil	56	16	11		t5_2s4td	False
1374077420.0	1ihrig	My lock screen as of late.	Devdev007	55	16	2		t5_2s4td	False
1373520954.0	1i2adu	Paint splash	lolkingfred1	49	5	0		t5_2s4td	False
1371585969.0	1glujl	Daft Punk - iPhone 5	Kmiller6637	50	6	1		t5_2s4td	False
1369437093.0	1f01bb	War is Hell	jaxspider	48	8	3		t5_2s4td	False
1367672405.0	1docii	random access memories [4/4s] Enjoy :)	InstaRageMode	49	6	1		t5_2s4td	False
1365615941.0	1c2r0p	[Request] Could I get this to fit an iPhone 5	DEwwIC8	59	20	13		t5_2s4td	False
1365064115.0	1bnenn	Live slow die whenever my lockscreen	rabbit_16	51	7	6		t5_2s4td	False
1363959887.0	1asqlj	Resize your wallpapers online direct from device 		45	1	3		t5_2s4td	False
1363307125.0	1abiy3	"iOS 4 ""Come at me bro"" (x-post r/funny)"	iReptarr	50	11	4		t5_2s4td	False
1360160975.0	17zzuv	New Banksy wallpaper I'm using 	iriesurfcaptain	47	8	4		t5_2s4td	False
1358601038.0	16vh7l	My new wallpaper	iriesurfcaptain	50	8	3		t5_2s4td	False
1356000555.0	155uea	Robot	carg0cult	47	5	2		t5_2s4td	False
1354426729.0	1451ko	This is pretty bad ass		46	5	2		t5_2s4td	False
1349685566.0	114osn	iPhone 5 blueprint lock screen (plus wallpaper inside)	Doub1eVision	48	6	7		t5_2s4td	False
1345508043.0	yjwr9	My Favorite Joker Wallpaper	monster-man94	56	12	2		t5_2s4td	False
1344861462.0	y540h	My current wallpaper - Waves	AlchemicalBliss	45	5	7		t5_2s4td	False
1376706414.0	1kj165	One of most incredible iPhone 5 wallpaper I ever seen!	goldendunny	44	2	2		t5_2s4td	False
1375322785.0	1jgrm4	Colorize and size for the iPhone 5?	KillAllEmilys	51	11	3		t5_2s4td	False
1374458857.0	1isamr	simple wallpaper I made for iPhone 4/4s!	blueglitter4	49	10	2		t5_2s4td	False
1374130159.0	1ijmaj	"Can someone edit this without the ""Godzilla"" at the top for an iPhone 5?"	claytonhulme	47	5	4		t5_2s4td	False
1373826640.0	1iadj2	Game of Thrones House Sigils (Baratheon, Lannister and Targaryen) (iPhone 4/4S)	Sebetter	44	5	13		t5_2s4td	False
1373583195.0	1i459h	This is my wallpaper from a dock in the outer banks.	coolness122333	47	4	4		t5_2s4td	False
1373245946.0	1hu1vp	[request] Re-size this koala for an iphone 4 please	EthanMC	47	8	9		t5_2s4td	False
1369964865.0	1fdlre	Daft Punk	mrhumblebob	45	4	3		t5_2s4td	False
1369267300.0	1evc8d	Joker from Dark Knight	jaxspider	45	3	4		t5_2s4td	False
1366314991.0	1cmlf2	Iron Man Blue	Stlou	55	12	1		t5_2s4td	False
1362976958.0	1a2cv5	Can someone resize this for the iPhone 4/4s	WormSmurf	52	12	4		t5_2s4td	False
1361140201.0	18ppp8	New lock screen..	ThirdLegler	46	1	4		t5_2s4td	False
1360615967.0	18bwf5	Here is a smattering of images I have collected and made recently. iPhone 5 size, but most are easily useable on a 4/4s. Lots of Ironman	Guardian1030	44	4	8		t5_2s4td	False
1359938442.0	17u4k1	Valentines day wallpaper!!!	Casbaxter	64	21	1		t5_2s4td	False
1359426024.0	17gxic	Mario	Beastmode374	53	10	0		t5_2s4td	False
1358967169.0	174xcz	(Xpost r/woahdude) thought it made a pretty nice wallpaper	SNOR97	49	6	4		t5_2s4td	False
1355284806.0	14pglc	Santa and Nike (5 in comments)	drmtnpepperman	45	4	4		t5_2s4td	False
1353888879.0	13s8qj	Snowy night (from r/pics)	Phat_Neil	45	2	0		t5_2s4td	False
1353306124.0	13ftj1	Request: Resize for iPhone 5 please 	Blake_AKA_Blake	48	9	5		t5_2s4td	False
1349844156.0	118jjq	Hollow points fired under water. 	phammybly	49	7	0		t5_2s4td	False
1348625116.0	10hh21	[i5] As Requested, The Master Sword	ink_golem	43	3	2		t5_2s4td	False
1346009760.0	yv5cs	Mars Sunset [1024x1024]	stormtrooper775	44	3	0		t5_2s4td	False
1373060520.0	1hpq8i	Y'all asked for the i5 version. Here you go everyone.	white_nite55	49	9	9		t5_2s4td	False
1372711091.0	1hg7e6	I'm on a boat!	rawtalk	45	3	2		t5_2s4td	False
1371641771.0	1gndzd	"The end of the first ""Super Mario Three"" level [iPhone 5]"	Miningdude	45	5	8		t5_2s4td	False
1370546862.0	1ft7cr	Doctor who anyone?	swirvithin	61	22	1		t5_2s4td	False
1370380855.0	1fof6f	Is there a wallpaper with this style but with the sun out and looking day?	WhiteSavage69	48	9	5		t5_2s4td	False
1369776674.0	1f84kl	8°	jaxspider	40	1	1		t5_2s4td	False
1365814285.0	1c8s0u	Shepurrrrd [iPhone 5]	dregmogul	45	7	0		t5_2s4td	False
1365130853.0	1bpjtt	How might I go about resizing a gif to fit an iPhone 5?	DaPatcho	48	6	7		t5_2s4td	False
1364236116.0	1azkas	Earth [i5]	10InchErection	48	7	7		t5_2s4td	False
1362921133.0	1a0szy	"My ""Meet the Pyro"" wallpaper"	W1n5t0n787	47	8	3		t5_2s4td	False
1362660397.0	19ubu1	Dark texture (4/4s)	currently_incognito	50	10	0		t5_2s4td	False
1361205122.0	18r962	Simple wood background with a status bar	Ploxurbate	52	11	2		t5_2s4td	False
1360887561.0	18jtpk	Wish You Were Here wallpaper (i4s)	MeGustaFine	45	3	2		t5_2s4td	False
1356756622.0	15lztf	Made it from a classic reddit post, gotta love office space, enjoy!	Isuhydro	49	9	3		t5_2s4td	False
1352150386.0	12osn7	Can anybody make this wallpaper for an iPhone 4?		47	7	4		t5_2s4td	False
1349916361.0	11a7eo	Nightmare Before Christmas	vagitarian_	41	2	4		t5_2s4td	False
1345146938.0	yc5hw	Space Waltz	College_Erwoks	42	3	3		t5_2s4td	False
1344654300.0	y153h	The best reddit wallpaper (made by me)	slightlynotbaked	57	16	3		t5_2s4td	False
1344203707.0	xqd03	[Request Filled][HD] License To Ill album cover.	ink_golem	43	4	2		t5_2s4td	False
1321147657.0	maaor	Collection of some good minimalist wallpapers [HD]	rmurph45	42	3	3		t5_2s4td	False
1375307482.0	1jg8hx	Legend of Zelda wallpapers [iPhone 5]	eTom22	41	5	0		t5_2s4td	False
1375237946.0	1je7ye	Can someone size this for iPhone 5 please.	tc9102	53	18	5		t5_2s4td	False
1375047599.0	1j8j28	I resized some pictures I've taken to fit the iPhone 4S and 5	haymaker26	45	6	11		t5_2s4td	False
1373633858.0	1i5eul	Slimer	Jakesta1999	44	7	0		t5_2s4td	False
1373468889.0	1i0em4	Space [iPhone 5]	randomiraqi	40	3	1		t5_2s4td	False
1373344908.0	1hwz4a	The Last of Us	People-Like-Grapes	44	6	0		t5_2s4td	False
1370414366.0	1fph0s	Decepticon	drawture	42	3	2		t5_2s4td	False
1370380713.0	1foezh	My Wallpaper	Thomaskan	49	10	3		t5_2s4td	False
1369855095.0	1fabjx	The lady in yellow: Olga Abramovich (I think)	jaxspider	51	9	1		t5_2s4td	False
1368229075.0	1e3mga	Gorillaz	jaxspider	43	4	5		t5_2s4td	False
1361151468.0	18q2cz	up in the sky above the clouds	robotninjasaur	44	3	0		t5_2s4td	False
1361091038.0	18oohm	Soaked Candle	drawture	45	8	0		t5_2s4td	False
1360219934.0	181xaq	When pigs fly ;) 	saifland	50	13	0		t5_2s4td	False
1352739694.0	132iej	The Muppets! 4/4S	mhiggy	43	7	2		t5_2s4td	False
1351888912.0	12j6d9	Sharing my Pokemon wallpaper: (x-post from r/iPhone)	SmithSyndicate	45	6	1		t5_2s4td	False
1376347915.0	1k8ma3	Can someone please make this into an iPhone 5 wallpaper?	claytonhulme	51	16	3		t5_2s4td	False
1376344307.0	1k8hha	Mayan pyramid	jafamafia	43	9	3		t5_2s4td	False
1375803775.0	1jtexu	Friend Took This At A Local Aquarium	Maybebabe	42	5	3		t5_2s4td	False
1375333442.0	1jh42j	New york [iPhone5]	the_dark_	40	3	1		t5_2s4td	False
1373509479.0	1i1xjw	iPhone 5 version	kombatwaffle	44	6	3		t5_2s4td	False
1371785652.0	1grujo	Was wondering if you could fit this for iPhone 5??	SecretAgentAlli	48	6	0		t5_2s4td	False
1371218689.0	1gc6hi	Lighthouse (iPhone 5)	Cydinio	42	4	4		t5_2s4td	False
1370805632.0	1fzvba	Captain America	cmac91	43	5	0		t5_2s4td	False
1370471786.0	1fr3co	This has been my background for a while now. I'm not quite sure where it is but I really like it. 4/4S	sam250652	47	7	6		t5_2s4td	False
1369449352.0	1f0ddk	Avengers	underscoreDC	41	5	0		t5_2s4td	False
1369089369.0	1eq3ei	Geometry Girl	jaxspider	41	4	2		t5_2s4td	False
1366160811.0	1ci2lq	Last survivor 4/4s	fishing4asparagus	41	3	1		t5_2s4td	False
1365800609.0	1c8c54	iPhone 5 Color Rain Blurry	Max_Kas_	42	4	1		t5_2s4td	False
1365347493.0	1bus8p	Is there a bundle out there of this image in different colors? If not can someone use their skills to post a bunch here of different colors?	mikeltod	43	6	18		t5_2s4td	False
1364067161.0	1avgp7	Here u go	wertox123	44	9	0		t5_2s4td	False
1363803895.0	1aoeqz	Sea		48	9	2		t5_2s4td	False
1363542237.0	1ah1gz	Pebbles [640x1136]		45	4	0		t5_2s4td	False
1363399788.0	1adzcp	Orange paint on the sand	carg0cult	41	4	0		t5_2s4td	False
1361416486.0	18xiv4	Request: resize for iPhone 5	Pushin_Plastic	56	21	6		t5_2s4td	False
1360837382.0	18ia7k	This is my current ipad background, i thought it looked pretty cool	taz3097	50	9	0		t5_2s4td	False
1358834604.0	171i37	My wallpaper	Beastmode374	57	20	4		t5_2s4td	False
1357578794.0	164lrv	My wallpaper	bulbausaur	45	9	5		t5_2s4td	False
1356035690.0	156oz4	Batman for iphone 4	AlexCoomber145	44	6	0		t5_2s4td	False
1353572878.0	13m2uh	I took the pic and made it for iPhone 4	Sammyholland	44	5	5		t5_2s4td	False
1352136062.0	12obwh	[Request] Can someone resize this for an IPhone 4?	Kirkasherk	50	15	6		t5_2s4td	False
1351605154.0	12c5h1	Could someone please make this into an iPhone 4 wallpaper?	D3M0NICSQUIRREL	52	17	8		t5_2s4td	False
1347998951.0	103hez	Cheshire Cat wallpaper	Eviae	44	5	5		t5_2s4td	False
1347247304.0	zmvsn	I thought two things looked cool, so I put them together to form a nice wallpaper for your iPhone. Enjoy!	vesto	47	9	1		t5_2s4td	False
1334754362.0	sfxnk	Infrared forest	NinjaMammut	41	3	0		t5_2s4td	False
1376463413.0	1kc2bc	Found in r/funny thought it would make a cool wallpaper	omega927	43	9	1		t5_2s4td	False
1375685084.0	1jq697	The Soyuz spacecraft preparing to dock onto the ISS [iPhone 4]	uhwuggawuh	45	5	1		t5_2s4td	False
1373663866.0	1i6hv4	My current wallpaper any deadpool fans?	TortillaChipMan	44	9	3		t5_2s4td	False
1368617175.0	1edkiz	Dancing Trooper	mushkel	48	11	1		t5_2s4td	False
1364937413.0	1bjiui	Calvin &amp; Hobbes	MisterTyzer	45	5	5		t5_2s4td	False
1364301696.0	1b1dm6	The Walking Dead season 3  (iPhone5)	mrhumblebob	45	10	3		t5_2s4td	False
1361091717.0	18oott	Pillars	drawture	39	3	2		t5_2s4td	False
1357346814.0	15zcf4	Can anyone make this into an IPod (3rd generation) wallpaper? 	Horrible_Troll	43	7	1		t5_2s4td	False
1357243339.0	15wl5a	[request] could someone make this for an iphone 5? (Futurama as the Adams family)	FlamingBeatz	44	5	5		t5_2s4td	False
1354002461.0	13v4lg	Badass! 	psingh1266	48	11	6		t5_2s4td	False
1353872792.0	13rs9y	My best lock screen image	Phat_Neil	47	11	4		t5_2s4td	False
1340574643.0	vjh2h	This guy makes some awesome iWallpapers!	NuffNuffHoldTheFluff	44	5	2		t5_2s4td	False
1339727787.0	v2s95	Since I've gotten quite a few good wallpapers from here, I offer up my pride and joy.	TSOD	40	4	2		t5_2s4td	False
1338671431.0	uhnum	Minecraft 	Hamstertoast	42	2	3		t5_2s4td	False
1334528135.0	sbdrw	[HD] Designerly Wallpaper	ink_golem	38	1	0		t5_2s4td	False
1323492321.0	n74fw	I combined my favorite wallpapers to make the ultimate apps and dock aware wallpaper!	PLJNS	41	5	5		t5_2s4td	False
1376196628.0	1k4o4r	Traffic in the sky	yakahbdis	40	4	3		t5_2s4td	False
1375656393.0	1jpdro	Great wallpaper for iPhone 5/iOS 7	shaybeezy	40	3	4		t5_2s4td	False
1375027779.0	1j7xh1	Three Tumblr images I made into wallpapers.	xBravo4x	45	9	1		t5_2s4td	False
1374990267.0	1j7cdg	Breaking Bad/Game of thrones wallpaper for 4/4s. I can resize it per request!	BarcodeLabel	43	6	5		t5_2s4td	False
1373469017.0	1i0erm	Minimal Mario [iPhone 5]	randomiraqi	40	7	3		t5_2s4td	False
1373091594.0	1hqk5k	This has been my wallpaper for quite some time.	ZazooKILLS	45	8	4		t5_2s4td	False
1372834970.0	1hjxv9	Batman: Arkham Origins	gaywack	41	7	0		t5_2s4td	False
1372737174.0	1hh46g	I recently had to restore my iPhone 5 to a way far back restore so I lost my wallpaper it was a Picture of Marilyn Monroe wearing headphones, I cannot seem to find it anywhere even though I got it off this subreddit.	TTG_Zebra_Donkey	48	14	3		t5_2s4td	False
1367647149.0	1do08j	My current wallpaper on my iPhone 4S. I know it's not resized but it makes me giggle	swimmershigh	50	13	2		t5_2s4td	False
1366769481.0	1czcsq	4/4 portal fall wallpaper	brohammer23	46	7	2		t5_2s4td	False
1365299125.0	1btvpu	Moon (Iphone 5)	radbananas	44	4	1		t5_2s4td	False
1364794113.0	1bemn3	Cute cuttlefish wallpaper	THEKEMME555	44	7	0		t5_2s4td	False
1363299033.0	1ab8wb	If you're looking for something with a little more depth	yoshibigbawss	37	1	3		t5_2s4td	False
1362817760.0	19ypdi	Watchmen Wallpaper (4/4s) [FIXED]	Slashdudz	54	19	3		t5_2s4td	False
1358467977.0	16s99w	My iPhone 5 wallpaper collection. Over 300 of them. Once again, mostly minimal. 	croutonsalad	41	6	8		t5_2s4td	False
1357438879.0	161f1a	My phones wallpaper!	shankap0tamus	45	12	7		t5_2s4td	False
1357072168.0	15s9rw	One of my favorites [Evil Dead]	TheB1ackDah1ia	40	4	1		t5_2s4td	False
1356597066.0	15ifgp	My current background (iphone4s)	pretzelsnap	45	8	3		t5_2s4td	False
1375947195.0	1jxypo	Took a picture of my windshield after some rain	PrimeX4	41	7	0		t5_2s4td	False
1375781804.0	1jsw2b	Adventure time!!! [iPhone 5]	_MorganFreeman_	40	4	0		t5_2s4td	False
1375622619.0	1jofzb	can anyone remove the text from this gem please(:	singhera	63	26	5		t5_2s4td	False
1375358696.0	1jhlqr	As my cake day this is my wallpaper I made	Jonnythe1	54	21	1		t5_2s4td	False
1375239299.0	1je9kt	Can someone try and photoshop a different background to this but keep my chihuahua in the pic something funny please my sister really wants a pic like this	acsatre	55	18	13		t5_2s4td	False
1374784777.0	1j1vnb	My current background.	TheAwesomeWizard	46	9	3		t5_2s4td	False
1370722243.0	1fxy8f	Big Ben	cmac91	46	11	1		t5_2s4td	False
1370236035.0	1fkbe3	Clouds [5]		37	4	0		t5_2s4td	False
1369295606.0	1ew4nt	Chicago from navy pier.	shameems	44	7	1		t5_2s4td	False
1368229192.0	1e3mkl	Vault Boy from the Fallout series	jaxspider	41	7	0		t5_2s4td	False
1368066722.0	1dz5wf	The dark knight	savcody	39	3	2		t5_2s4td	False
1367960028.0	1dvwvg	Thought this was great for sci-fi fans	Zxx_everson_xxZ	41	6	1		t5_2s4td	False
1365484618.0	1bz0yl	I feel like the classic black wallpaper is really underated.	Kmiller6637	67	30	8		t5_2s4td	False
1364199705.0	1aypl5	World War Z	dregmogul	39	5	6		t5_2s4td	False
1363710053.0	1allmw	[Request] Remove the text at the bottom?	SleepyMtnGoat	37	3	8		t5_2s4td	False
1360007290.0	17vt66	Here's War Machine wallpaper for the iPhone 4/4s. (Yes I know it's a repost, the other one was for the i5)	Greg_Tilapia	45	9	8		t5_2s4td	False
1358282471.0	16mzyv	For all those psych fans out there. 	baconator41	43	8	4		t5_2s4td	False
1357936242.0	16ebxb	The moon as seen from the ISS [iPhone 5] (x-post from r/spaceporn)	phammybly	37	5	0		t5_2s4td	False
1356310256.0	15clqw	Made a iPhone 4s Claptrap wallpaper. Enjoy!	A_Red_Mailbox	42	6	3		t5_2s4td	False
1354515862.0	146sz6	Reddit is under heavy load	taconipples	46	11	3		t5_2s4td	False
1351687935.0	12e9bx	Whale.	MrSkyZ	45	9	4		t5_2s4td	False
1320638611.0	m34sd	Colorful Mario Mushrooms. [HD]	drquibley	35	2	1		t5_2s4td	False
1376569363.0	1kex74	Could someone please resize for iPod 5? It's uh... For a friend.	NomOnBacon	56	23	6		t5_2s4td	False
1376307438.0	1k7959	Fallout Boy	Moose_Dick	47	14	3		t5_2s4td	False
1376160430.0	1k3nrw	Beemo! (iPhone 5)	SOCKOx28	42	9	1		t5_2s4td	False
1375229930.0	1jdy1j	The Ruler with big ears	Kwilos	43	13	3		t5_2s4td	False
1374946218.0	1j63c2	Took this while deep sea fishing	powerwagon78	43	10	5		t5_2s4td	False
1373737069.0	1i86dn	"""Lucid Synchronized Dimensionalism"" by Justin Bonnet"	Mrcheez211	37	5	1		t5_2s4td	False
1373627989.0	1i5acs	Childhood hero	Pyrox888	41	8	1		t5_2s4td	False
1372896516.0	1hlp2k	Whimsical background	yodabalboa	37	2	0		t5_2s4td	False
1371396083.0	1gggzu	Collings Foundation P-51 Mustang	milesjjjjj	46	11	0		t5_2s4td	False
1369709573.0	1f6d5n	Simon and Marcy	Super_Kami_Guru0	37	4	1		t5_2s4td	False
1369685962.0	1f5mdb	You win or you die	caittully	39	8	0		t5_2s4td	False
1368830562.0	1ejo8d	Can I get this without the words for iPhone 5?	Toby16661	48	12	6		t5_2s4td	False
1367691633.0	1doto2	Can someone please resize this for the 4/4s please?	St_McLovin	50	15	5		t5_2s4td	False
1367617106.0	1dn7cm	Rick Grimes (TWD Comic) iPhone 4/4s	Keelan117	37	3	1		t5_2s4td	False
1364255005.0	1b09ti	Request fulfilled, Ronald Raygun for iPad2	t1mbone	38	1	0		t5_2s4td	False
1359601990.0	17lu21	Could some resize for the iPhone 4? 	jimJaRrhead	50	15	7		t5_2s4td	False
1358721693.0	16yb8q	Hail Sithis! (iPhone 4/4S)	Benster96	44	9	6		t5_2s4td	False
1357850126.0	16c137	Space Guitarist (iPhone 5 / info in comments)	AnonymousSkull	40	6	4		t5_2s4td	False
1357497810.0	162km7	Andromeda Galaxy (iPhone 4/4S)	Benster96	40	8	5		t5_2s4td	False
1357058108.0	15rx65	(1136x640) My wallpaper 	10InchErection	40	4	3		t5_2s4td	False
1356462198.0	15fhzt	Response to request.	Jwlewis420	42	9	4		t5_2s4td	False
1353389489.0	13huc3	Flame Princess	MorganOberLord	39	5	1		t5_2s4td	False
1348142039.0	106rqx	[Request] Pizza cat in space.	AllDayWin	45	11	4		t5_2s4td	False
1318603822.0	lc3f8	I saw that Zoidberg case and wanted it as an iPhone wallpaper. Here you go!	ipfaffy	40	8	1		t5_2s4td	False
1376746517.0	1kjrb1	Don't know if this has been posted before, it's a classic line though.	ResurrectionQ	42	9	0		t5_2s4td	False
1375770999.0	1jspci	Simple	the_dark_	38	7	0		t5_2s4td	False
1374957256.0	1j6ewr	Cool hockey wallpaper, courtesy of Gongshow Hockey		35	5	0		t5_2s4td	False
1373059828.0	1hppj6	Fireworks and Stars [4s]	horse_masturbator	38	6	0		t5_2s4td	False
1372340193.0	1h6dui	iPhone 5 space wallpaper	Forgotten_Rob	36	3	0		t5_2s4td	False
1372135986.0	1h0puc	Pac-Man Wallpaper (Lockscreen too!)	metalhaze	35	1	2		t5_2s4td	False
1372012247.0	1gx4no	To all you battlefield fans out there	Devilish_xJ0K3R	63	26	11		t5_2s4td	False
1370721579.0	1fxxhz	Watchmen for 4/4s	lroysquid	39	9	3		t5_2s4td	False
1370414332.0	1fpgzy	Autobot	drawture	38	7	2		t5_2s4td	False
1369854563.0	1faaus	Captain America: The Winter Soldier	jaxspider	34	3	0		t5_2s4td	False
1369274331.0	1evl2v	Cheshire Cat smile	soupyhands	35	4	1		t5_2s4td	False
1366921084.0	1d3tdl	Aromas of the Present [3927 x 5458] (x-post from r/wallpapers)	DailyDeviation	35	3	4		t5_2s4td	False
1366408609.0	1cpbae	Any Zelda fans in need of an amazing Master Sword wallpaper?	RemovablePants	38	6	0		t5_2s4td	False
1364859403.0	1bh15k	Frank Turner lock screen wallpaper I made (x-post frankturner)	ToeOfCamel	41	6	3		t5_2s4td	False
1364713519.0	1bck4l	Astronaut Wallpaper 4/4S	JesusOfNazaReddit	38	5	1		t5_2s4td	False
1362930290.0	1a0yor	Found this last week online, not sure if anyone posted this yet. Awesome HD background I use on my iPhone 4S	iamwellknown	44	10	1		t5_2s4td	False
1362153010.0	19gteo	Can someone please edit this for the iPhone 5? Maybe extend the blank white space so it is taller, and the sloth stays at the bottom? Please and thank you!	eHeyer	42	10	4		t5_2s4td	False
1361252692.0	18sx70	My current lock screen photo. 	BeccaBoo16	39	8	2		t5_2s4td	False
1359649139.0	17mv3m	Good background... Especially when your phone says 'slide to unlock'	ldssports13	37	4	0		t5_2s4td	False
1359353748.0	17ez44	My iPhone lock screen  for a few months now.	nintendo1614	46	15	3		t5_2s4td	False
1358397993.0	16qg3j	Realistic Calvin and Hobbes	DashSatan	34	1	0		t5_2s4td	False
1357930676.0	16e550	This brightens up my homescreen (iPhone 4S), it's the dome of the concert hall in the Palau de la Música Catalana.	modernbox	36	3	1		t5_2s4td	False
1357782867.0	16acmt	"Great photo. Instead of always asking ""Can someone resize this..."", I'm asking, how do I resize this for the iPhone 5?(xpost NFL)"	urmomsbox	37	4	8		t5_2s4td	False
1356966778.0	15q4l8	Pixel Waterfall (iPhone 5, for lock screen or background)	AnonymousSkull	38	3	10		t5_2s4td	False
1355614364.0	14wzqp	Turtle burger wallpaper	Beastmode374	41	8	1		t5_2s4td	False
1354170538.0	13zd4x	Hope this website hasn't been posted yet: http://retinawallpaper.com/	sothearalim	40	6	2		t5_2s4td	False
1353440094.0	13iv9k	Rapture rules all!	employedasp	41	11	0		t5_2s4td	False
1351270238.0	124qd6	Awesome website for iPhone 4/4s wallpapers!	chickenssss	35	5	1		t5_2s4td	False
1344578612.0	xzg41	Catwoman [HD]	reposed	38	5	0		t5_2s4td	False
1340728301.0	vmw6n	The Beginning is Near	Mackzilliron	36	5	3		t5_2s4td	False
1327410781.0	ouew7	Robert Jordan's Wheel of Time - lock screen	onemonkey	33	2	9		t5_2s4td	False
1376663948.0	1khn5n	Too many requests, not enough wallpapers. Fits on my 4th gen iPod, so...	Ma_Deuce	35	3	0		t5_2s4td	False
1375389323.0	1jios0	Doctor who and tangled crossover [iPhone 4/4s]	DeathTheGirl8	49	15	1		t5_2s4td	False
1374781999.0	1j1rr7	Dragonite	Dragonite_149	39	10	2		t5_2s4td	False
1373690486.0	1i7aln	Great Wall of China	rawtalk	35	4	0		t5_2s4td	False
1373684198.0	1i74kd	My current wallpaper. My favorite Joker picture.	slage	41	7	7		t5_2s4td	False
1372778031.0	1hi14e	My current iPhone background.	Butternut93	43	10	0		t5_2s4td	False
1371590405.0	1gm0wc	Burj Khalifa, Dubai UAE (iPhone 5)	phammybly	34	1	0		t5_2s4td	False
1370609353.0	1fuwoi	Lock	blackychan165	48	13	0		t5_2s4td	False
1370576427.0	1fu9jo	The Doctor's Blue Box [4S/5]	icarus47	39	7	1		t5_2s4td	False
1368682447.0	1efoko	Daft Punk!	Nnahu	35	5	1		t5_2s4td	False
1368652765.0	1eepu1	Revolution Daft Punk	jaxspider	35	4	3		t5_2s4td	False
1368060949.0	1dyy8x	Iron Man	Contra_Payne	33	3	1		t5_2s4td	False
1367956343.0	1dvrqq	Deadpool: Talkin' jive &amp; takin' lives	jaxspider	38	6	0		t5_2s4td	False
1366952464.0	1d4x1d	Emma Watson	ButtPlugMaster	36	4	1		t5_2s4td	False
1366059444.0	1cex4k	Starlit Road (4/4S)	slowenowen	33	0	0		t5_2s4td	False
1363911567.0	1aromk	Bridge 		36	6	2		t5_2s4td	False
1361813969.0	1979u1	Skyscrapers	braindead_rebel	36	4	0		t5_2s4td	False
1361386007.0	18wfcw	Resize i4/4s	TheRager2727	42	8	2		t5_2s4td	False
1360039417.0	17wz45	A true man	iriesurfcaptain	47	13	0		t5_2s4td	False
1358094766.0	16huyv	Taken with iPhone 4 Fenway park Boston 	pcon37	53	23	5		t5_2s4td	False
1357610477.0	165nxp	Respond to request	RapturesAura	35	3	0		t5_2s4td	False
1356385881.0	15e4vp	Merek Davis, a Photographer and Instagrammer makes textures for the IG community to use in their edits. They also make for awesome mobile or computer backgrounds. (Imgur link to iPhone backgrounds, source with ipad/desktop images inside.)	mattrox217	36	3	3		t5_2s4td	False
1354500503.0	146g4x	Re sized and edited something posted on r/pics a while ago...Say hello to Tea Rex!		35	3	2		t5_2s4td	False
1353731863.0	13p8uv	The Essentials (redub)	MeGustaFine	49	19	0		t5_2s4td	False
1353268976.0	13essk	Anyone have more seasons like this? [request]	littlepriest01	38	3	4		t5_2s4td	False
1351018945.0	11yld8	Request: Can anyone make an iPhone 4 wallpaper of this?	FervalLankman	42	11	3		t5_2s4td	False
1348548970.0	10fomj	Aperature Science iPhone 5 Wallpaper Initiative	angrychimp	36	4	3		t5_2s4td	False
1343515769.0	xbf0x	"Wil Wheaton's ""Don't be a dick"""	dregmogul	39	3	1		t5_2s4td	False
1342141067.0	wh29g	New wallpaper I just made for those who like them simple, different colours are available if anyone is interested.	Krzys_CCE	33	1	18		t5_2s4td	False
1341284203.0	vyjnj	Water Lily; Taken with my 4S in Northern Wisconsin.	Dp266	35	0	0		t5_2s4td	False
1339706917.0	v29u7	Here are some wallpapers I thought you guys might like. [HD]		33	2	1		t5_2s4td	False
1339502092.0	uxsvp	Just updated my iPad walls	stormtrooper775	32	0	6		t5_2s4td	False
1327497723.0	ow0c7	iOS Linen- Icons [HD]	huffmanm	41	9	6		t5_2s4td	False
1375369795.0	1jhxin	[iphone 5] Red moon, northern Saskatchewan	Whiskey_Sours	33	1	2		t5_2s4td	False
1375059199.0	1j8vs0	[REQUEST] Could someone make this fit iPhone 5? [x/post r/wallpapers]	Shooter1215	37	4	7		t5_2s4td	False
1374978402.0	1j71np	For the Superior Spiderman fans out there	Delahorney	42	10	4		t5_2s4td	False
1374464044.0	1isg7y	New home screen I made from an older post I saw. What do y'all think?? (iPhone 4/4s)	warrior--33	34	4	4		t5_2s4td	False
1373822903.0	1ia9b2	So i made this and i thought it was a pretty cool lock screen for any beatles fan	boz_123	39	6	2		t5_2s4td	False
1373146624.0	1hroxt	My iPhone 5 lock Screen	smccoy1087	48	18	1		t5_2s4td	False
1372540578.0	1hbvx0	My twist on the OS X Mavericks background combined with T&amp;C Surf Designs on NES.	postpartydepression	34	6	1		t5_2s4td	False
1371834070.0	1gsyh0	[iPhone 5] Dianna Agron - The Family promo	R2IsMyCoPilot	34	5	2		t5_2s4td	False
1371700314.0	1gpf30	I drew this wallpaper :3	Beastmode374	36	5	2		t5_2s4td	False
1370718627.0	1fxu94	Does anyone know where I could find a higher quality version of this wallpaper, preferably the original because I think the quality loss is from it being compressed by imgur	JROD193	37	4	3		t5_2s4td	False
1368799108.0	1eimpi	My Game of Thrones wallpaper	itsnotcheese	44	10	1		t5_2s4td	False
1366989582.0	1d5ozg	Hidden [640 x 800]	DailyDeviation	31	0	1		t5_2s4td	False
1366746184.0	1cyg4s	2 of my favorite characters resized for iPhone 4/4s.	RemovablePants	40	9	0		t5_2s4td	False
1365528200.0	1c01kq	One if by land, two if by sea.	UncleFreddysDead	44	14	3		t5_2s4td	False
1362032900.0	19dt7a	Dope wallpaper that I'm currently using and thought I'd share.	saywhattyall	37	6	1		t5_2s4td	False
1361139047.0	18pod6	This one is neat. [4s]	I_Love_America17	39	7	2		t5_2s4td	False
1361002287.0	18movg	Fire (xpost wallpaper) 	jesusmonkey	33	5	3		t5_2s4td	False
1359941564.0	17u7j0	First time using Wordfoto, I think it turned out fairly well. 	aTacoVendor	36	6	1		t5_2s4td	False
1359691520.0	17oc38	Seinfeld wallpaper 	iriesurfcaptain	36	7	1		t5_2s4td	False
1358827108.0	1719uf	How about a resize for 4/4s?	RomaNova11	41	9	2		t5_2s4td	False
1358632615.0	16w9ta	Can someone resize this for a iPhone 4? [request] 	dimentedkitty	39	7	3		t5_2s4td	False
1358526002.0	16tlt3	[REQUEST] Can anyone make the blue parts of this a deep red color?	TARDISinScarlet	33	4	6		t5_2s4td	False
1358351838.0	16otnh	Holy Wallpapers - High-quality wallpapers for iPhone, iPad and iPod	0xUFO	35	6	4		t5_2s4td	False
1356653542.0	15jnd6	With the recent events of Amazing Spider-man 700 I thought it fitting to pay tribute to everyone's favorite arachnid with a WordPhoto for the iPhone 5! 	lessthanstarwars	34	5	0		t5_2s4td	False
1354426814.0	1451mr	Red Delicious		39	8	6		t5_2s4td	False
1354376364.0	143sqv	Respond to request	axman22	36	5	3		t5_2s4td	False
1335480047.0	subii	In honor of the soon to be premiered Avengers. 	DashSatan	33	1	3		t5_2s4td	False
1332564374.0	rb229	Let's get this going again	the_fuzzy_one	32	1	6	"I've noticed this subreddit is lacking in recent posts (aside from my own). So I've decided to slowly upload any iwallpapers I do have, as well as computer wallpapers and other photos I have adjusted for iPod use.
I invite those of you reading this to join me and bring this subreddit back to life."	t5_2s4td	True
1323814944.0	nbk1b	I made a couple of iPhone 4/4S wallpapers.  (Repost from r/Apple)	partyingrs	32	1	7		t5_2s4td	False
1376628715.0	1kgxld	Two bridges, one walkway (adjusted for iOS 7 parallax)	DontYouMeanHAHAHAHA	32	1	0		t5_2s4td	False
1375824221.0	1ju7ae	Does anyone know where I can find this wallpaper?	Ninja_Mooman	40	10	8		t5_2s4td	False
1375586740.0	1jnupi	Found this on /r/glitch_art. Looks great as a home screen image. (SLIGHTLY NSFW)	xDrSchnugglesx	37	5	2		t5_2s4td	False
1375564971.0	1jn9h7	Inspired by a wallpaper /u/GrabyBaby made, I made my own space collage wallpaper designed to fit iPhone 4/4S	StxrStruck	33	2	8		t5_2s4td	False
1375078918.0	1j9g0y	The dark knight rises	shutupsherly	40	9	2		t5_2s4td	False
1374355985.0	1ips5i	My current wallpaper 4/4s (x-post from r/woahdude)	vegasisdead	37	7	2		t5_2s4td	False
1373929437.0	1idg4l	Sucker! (Octopus)	John_of_Malpais	36	6	1		t5_2s4td	False
1371049734.0	1g76ew	I saw someone request this, decided to make an iPhone 4/4s wallpaper out of it	parasite99	34	5	1		t5_2s4td	False
1370881889.0	1g1wyd	New 4S, here's the background I'm using	J_Hook	37	6	0		t5_2s4td	False
1370881336.0	1g1w82	Superman	lozzerloz	39	9	2		t5_2s4td	False
1370639220.0	1fvz86	Skyline	cmac91	34	4	2		t5_2s4td	False
1369776743.0	1f84og	"DeadPool ""Die!"" (Bonus Pic in comments!)"	jaxspider	34	4	2		t5_2s4td	False
1368736256.0	1eh1ip	Red balloon polar bear	jaxspider	34	5	0		t5_2s4td	False
1368068236.0	1dz7wd	Earth 2.	Hayden445	35	2	0		t5_2s4td	False
1368065784.0	1dz4nt	Space 3	drawture	35	6	0		t5_2s4td	False
1367874090.0	1dteii	TV LAND	jaxspider	36	3	0		t5_2s4td	False
1367377092.0	1dgibt	[iPhone 4/4s] Assassins Creed 3 &amp; Dunkin Donuts mix.	iReptarr	34	4	1		t5_2s4td	False
1366867166.0	1d2dko	Could someone fit this to the iPhone 4	omega927	42	13	1		t5_2s4td	False
1366573450.0	1ctdz3	Mewtwo wallpaper for iPhone 4	JustGoogleIt597	35	6	4		t5_2s4td	False
1364058636.0	1av74d	Kid and bear for iphone 4/4s	hiltonking	34	5	3		t5_2s4td	False
1362094078.0	19fe9b	Boardwalk	Lupfer62	35	5	3		t5_2s4td	False
1357750756.0	1698jn	Calvin &amp; Hobbes		36	9	0		t5_2s4td	False
1357397686.0	160bms	Batman, at your service.	1warlock	37	6	1		t5_2s4td	False
1355873946.0	152tpf	Anyone looking for a reddit wallpaper?	Aginuzo	35	6	2		t5_2s4td	False
1355489693.0	14u9ly	For more of the Joker fans.....I use it with LS Circles. 	claytonhulme	38	10	0		t5_2s4td	False
1354069395.0	13wsh5	Happy to take resize/fix requests - Details In comments	helloindustries	36	4	18		t5_2s4td	False
1353619806.0	13myfy	One person in the brotherhood didn't like the quality in my other picture I hope you like the quality on this (iPhone 5)	FlamingBeatz	41	8	0		t5_2s4td	False
1348896351.0	10no4u	This was my favorite iPhone 4 wallpaper so ENJOY! Anyone able to resize it for iPhone 5 while we're at it?	ArmaziLLa	35	5	4		t5_2s4td	False
1347261901.0	zn6hm	Could someone please resize this?	OhHaiCody	36	3	5		t5_2s4td	False
1346726663.0	zbd8p	Adventure Time	armpit_fart	33	3	2		t5_2s4td	False
1335386112.0	sscfs	[HD] I'm the guy who did the SMW &amp; Zelda iPhone themes. Redditers, in thanks for the page views here's 8-bit Metroid. (Repost r/Apple)	partyingrs	30	0	2		t5_2s4td	False
1333324533.0	ropm6	The Joker	the_fuzzy_one	31	1	3		t5_2s4td	False
1328985852.0	pl06j	Tentacles 	SpeedBump	33	3	3		t5_2s4td	False
1319592431.0	lp55f	[HD] An aesthetically pleasing square pattern.	CrazyEdward	32	1	2		t5_2s4td	False
1318719323.0	ldk72	My current, awesome lockscreen.	pikatsu	34	6	2		t5_2s4td	False
1375186663.0	1jce0b	Found a wallpaper and made my own version you guys may like. Original (which is also nice) in comments!	itareu	35	6	7		t5_2s4td	False
1373656874.0	1i684e	Thought I'd share my favorite wallpaper!	laloisbeast	30	1	2		t5_2s4td	False
1373606294.0	1i4vxr	Lily	John_of_Malpais	30	2	0		t5_2s4td	False
1372351708.0	1h6rs9	I found this on Instagram and I really like it. It's my current lock screen but I don't know who the 'X' is and I want to know. Also, is the 'E' Katniss?	OhMyDalek	43	18	11		t5_2s4td	False
1370198365.0	1fj4z6	Cheetah (iPhone 5)	randomiraqi	34	5	2		t5_2s4td	False
1369494167.0	1f152g	Dragon Ball Z	underscoreDC	35	7	0		t5_2s4td	False
1369436990.0	1f017l	Spirited Away: No Face	jaxspider	32	3	1		t5_2s4td	False
1369366536.0	1ey822	For the Beatle fans out there	CandyRandyBaby	35	4	0		t5_2s4td	False
1368363179.0	1e6irf	Ghostbuster	retrowombat	36	6	1		t5_2s4td	False
1367985802.0	1dwui3	[REQUEST] Can someone remove the '3' and all the other lettering on this Iron Man 3 wallpaper?	InstantNoodlesIsHot	38	8	3		t5_2s4td	False
1367519548.0	1dkeaz	Pulp Fiction (iPhone 5, brown and blue)	randomiraqi	30	1	1		t5_2s4td	False
1366426379.0	1cpx5k	Rubic's cube	fishing4asparagus	34	6	4		t5_2s4td	False
1363093192.0	1a57xq	Abstract Geometry (iPhone 4 and 5)	CaptainKaos	34	5	7		t5_2s4td	False
1361568935.0	191m5i	Went to a crafts fair and thought this could make a cool background. [iphone 4]	Nyx_be_evil	33	4	3		t5_2s4td	False
1361063709.0	18o1jb	Made iPhone 5 sized wallpapers of the lion painting that has been gracing the front page.	Krunk_Fu	34	4	1		t5_2s4td	False
1360647422.0	18d1r6	A quick Community wallpaper I whipped up to fit the 4.	SnoKone	34	5	0		t5_2s4td	False
1359519087.0	17jj52	iphone 4/4s screen size, Daft punk	epicemboar	32	5	2		t5_2s4td	False
1357108818.0	15tbfh	My current wallpaper	pkong13	47	18	2		t5_2s4td	False
1356709045.0	15kq3t	A Walter white Christmas. (iPhone 5) possible spoilers if you're not caught up with season 4 of Breaking Bad.	BennyMata	35	8	2		t5_2s4td	False
1356699648.0	15kkdi	Saturn rings [i5] taken from r/spaceporn	kjsowards	34	5	0		t5_2s4td	False
1356044147.0	156ysp	Mmmm Bacon	SquidCubed	43	15	0		t5_2s4td	False
1354426704.0	1451k3	The Dark Knight		31	2	0		t5_2s4td	False
1354370795.0	143po7	My son's profile, taken with flashlight and iPhone. Edited with iPhone as well. What do you think?		50	20	5		t5_2s4td	False
1353902890.0	13sn97	“Masks” by Shel Silverstein (Lock &amp; Homescreen)	EzraRE	32	3	1		t5_2s4td	False
1350679489.0	11rmbd	Suited guy with gasmask . Enjoy :) 	InstaRageMode	36	7	6		t5_2s4td	False
1347050895.0	zivpc	Circles!	darkdmc	34	4	0		t5_2s4td	False
1340986825.0	vstwz	I'm taking requests!		37	6	167	"Have an idea of a wallpaper that you can't find anywhere? Request it here and I will whip it up for you and upload it to imgur ASAP. 

I can also go back and adjust certain things about the wallpaper you don't like, so a good deal of back and forth is welcomed and encouraged.

Fire away!

Edit: I wanted to make it clear that this request thread is open ended! There is no deadline where I will stop doing these, I'll continue making them as soon as I can. As for today, I'm off to bed. Keep the requests coming :)

EDIT2 - 1/7/2012: Alright ladies and gents, the thread continues. I did as many as I could tonight. I did them in the order they were requested! If I didn't do your request yet, don't worry! Its coming I assure you :)

In the meantime, you can find ALL of the wallpapers/lockscreens that I've done as per your requests at my [deviantart page](http://shrief.deviantart.com/) which I will continually update each night as I finish more and more requests. Check it out if you wanna see what everyone else ordered!

I'm having a blast so keep the requests coming! 

EDIT 3 : 5/7/2012: Sorry for the delays everyone! Work has been incredibly busy this week. I haven't forgotten anyone's request (I have them all written down) and I should have them all done within the next two days! Sit tight."	t5_2s4td	True
1339707385.0	v2abl	[HD] A simple home screen I made	nickells	31	3	4		t5_2s4td	False
1335468687.0	su0tg	Pacman	the_fuzzy_one	31	1	0		t5_2s4td	False
1334105946.0	s3ix2	Looking for more like this? [HD]/[NSFW]	Terenes00218	54	26	9		t5_2s4td	False
1333368259.0	rpe8e	Swag Wars [xpost from r/funny]	ch1llr	36	8	0		t5_2s4td	False
1332739974.0	rdt82	Starry skies	the_fuzzy_one	34	3	0		t5_2s4td	False
1376021924.0	1k08wb	[REQUEST] Can someone do something to this to make it fit iPhone 5?	Shooter1215	40	11	2		t5_2s4td	False
1372007987.0	1gx04f	Avenger Time	underscoreDC	36	8	0		t5_2s4td	False
1371632147.0	1gn867	Mountain sunset. [iPhone 4]	thedinosaurman	32	5	6		t5_2s4td	False
1371055108.0	1g7dge	For GoT fans - Awesome House Stark wallpaper	Sk274	30	3	8		t5_2s4td	False
1370542915.0	1ft1kd	My current wallpaper, London Eye	cmac91	31	1	0		t5_2s4td	False
1370228206.0	1fk3ca	Iron man	underscoreDC	41	9	1		t5_2s4td	False
1370200324.0	1fj76o	Hall of Famer Bert Blyleven 4/4S	mkbrg	32	5	2		t5_2s4td	False
1369854658.0	1fab07	Fallout 3	jaxspider	30	2	0		t5_2s4td	False
1369461775.0	1f0nib	Look familiar? Took this inside my tent the other day. Great wallpaper	dpuls	32	4	1		t5_2s4td	False
1369000167.0	1enku1	A nice black and white daft punk wallpaper (iPhone 4/S)	Harjaan	38	12	0		t5_2s4td	False
1367105506.0	1d8r9x	Jak and Daxter	randomiraqi	30	1	3		t5_2s4td	False
1365425866.0	1bwxji	For all the Breaking Bad fans out there	Lupfer62	46	17	3		t5_2s4td	False
1364516849.0	1b7n62	Adventurama [iPhone 5]	dregmogul	36	5	3		t5_2s4td	False
1363411753.0	1aean2	Request: Can someone resize this for the iPhone 5 please?	dare2poke	39	9	4		t5_2s4td	False
1361396833.0	18wtjc	The Black Swordsman	ext1nct	37	8	5		t5_2s4td	False
1360273356.0	1838iu	Someone requested this photo inverted :P	tehubernoob2023	34	5	4		t5_2s4td	False
1359948313.0	17ufwy	As requested for iPhone 4/4s	GalaxyGOOBER2	32	5	5		t5_2s4td	False
1359881538.0	17stxw	Best Wallpaper I've Used	DiscoMilk	32	4	4		t5_2s4td	False
1358907444.0	173hl6	Kneel before hypno-kitten 	iriesurfcaptain	42	10	3		t5_2s4td	False
1358780256.0	16znn8	UFO sighting chart circa 1969 my new wallpaper for the space geek in me 	iriesurfcaptain	30	3	0		t5_2s4td	False
1358397945.0	16qg1b	Any Invader Zim fans? 	DashSatan	30	1	1		t5_2s4td	False
1356351688.0	15de2t	iWallpaper share your home screens! I wanna see how or if you organise your iDevices	Creeper078	33	5	19		t5_2s4td	False
1353641697.0	13nfxl	Jake as a wallpaper:) 	MorganOberLord	36	5	1		t5_2s4td	False
1353441452.0	13iwti	The wallpaper I found in r/pics	kitty_rawr	31	5	0		t5_2s4td	False
1350408012.0	11kus2	Glowing cube 	InstaRageMode	31	2	6		t5_2s4td	False
1349201487.0	10ttfa	Currently being used for my lock screen. 	fourohthree	31	3	2		t5_2s4td	False
1348080259.0	105dfj	Retina fits perfect. Guy fawkes anonymous		45	13	1		t5_2s4td	False
1346985234.0	zhhhj	[REQUEST] Could someone try and resize this to fit my iPod lock screen background please?	BigPandaBro	35	8	4		t5_2s4td	False
1344641745.0	y0uh9	Space	slightlynotbaked	33	6	2		t5_2s4td	False
1343744072.0	xg6o9	The Black Night	Dp266	34	7	0		t5_2s4td	False
1337045944.0	tngep	The moon, Jupiter, Venus... (x-post from r/pics)	Hamstertoast	31	4	0		t5_2s4td	False
1336801091.0	tjc3f	Battlefield	Hamstertoast	30	2	1		t5_2s4td	False
1334025899.0	s1wrq	Big thanks to the_fuzzy_one and that other guy who keep this subreddit alive :)	Hamstertoast	28	0	4		t5_2s4td	True
1333740505.0	rwqdu	Assassin	the_fuzzy_one	31	3	0		t5_2s4td	False
1332796852.0	resmx	Kermit [HD]	blackstrat	30	3	1		t5_2s4td	False
1317794695.0	l1fzb	Pizza Time [HD]	brygphilomena	33	5	0		t5_2s4td	False
1314827039.0	k0ms7	I gift you all a collection of 52 iPhone wallpapers I have collected over time.	jmmkk	30	2	8		t5_2s4td	False
1375691706.0	1jqad7	B&amp;W leaf	roadkill250	31	5	0		t5_2s4td	False
1375330608.0	1jh110	Sky + Forest	rawtalk	32	6	1		t5_2s4td	False
1374620517.0	1ix1ne	I use this website for geometrical wallpapers!	museumofdavid	28	2	1		t5_2s4td	False
1374270002.0	1inqby	X-force deadpool	THEKEMME555	34	7	1		t5_2s4td	False
1373810337.0	1i9xmf	Found on r/Pics, makes a great lockscreen.	ealtick	37	8	0		t5_2s4td	False
1373783924.0	1i9j59	Hvítserkur	John_of_Malpais	27	1	0		t5_2s4td	False
1373754684.0	1i8pr8	Photo shop	underscoreDC	37	10	2		t5_2s4td	False
1373246038.0	1hu1yu	Thanks to whoever posted these.	PantherJunkie	38	11	2		t5_2s4td	False
1372030489.0	1gxopb	Iron man	underscoreDC	47	16	1		t5_2s4td	False
1372012376.0	1gx4sv	My current wallpaper	JQA96	35	9	0		t5_2s4td	False
1371967183.0	1gwafe	Thought I would share a picture I took.	SlimShauny	31	5	3		t5_2s4td	False
1370911367.0	1g32tp	Comics for iPhone 5 - Marvel Minimalist Superhero [640x1136]	anfigo	28	0	2		t5_2s4td	False
1370791611.0	1fzfwv	Anyone have this picture without calvin and hobbes?	Thisisbuccwild	43	13	6		t5_2s4td	False
1369267328.0	1evc9h	Oh fuck I can't swim!	jaxspider	36	10	0		t5_2s4td	False
1368539019.0	1ebaab	My favorite iron man wall paper (4-4s)	nwnw123	33	7	1		t5_2s4td	False
1366994531.0	1d5vb3	Escape	mushkel	31	2	1		t5_2s4td	False
1366865146.0	1d2bhs	Mega man fans, this is my wall paper	Plasma_BOY	32	7	2		t5_2s4td	False
1366344516.0	1cnqcv	Rain iPhone 5	Max_Kas_	34	10	1		t5_2s4td	False
1365380490.0	1bvv91	The tables have turned!	Greg_Tilapia	39	11	5		t5_2s4td	False
1365122560.0	1bp93d	Batman art for 4/4S	ButtPlugMaster	28	2	1		t5_2s4td	False
1364752473.0	1bd9ck	Mountains 4/4S	JesusOfNazaReddit	31	4	0		t5_2s4td	False
1364483945.0	1b6ijg	Simple System Of A Down Wallpaper (i4)	Slashdudz	33	5	1		t5_2s4td	False
1362763074.0	19x5qt	Emma (iPhone 5)	BFG_9000	52	27	4		t5_2s4td	False
1362710543.0	19vyvx	Tweaked a but from original. My current Ipad wallpaper 1024x1024	R0ck5tar69	30	3	3		t5_2s4td	False
1361658515.0	193ndp	"(Request) can someone properly resize this for iphone4s and make it so it isn't stretched?
"	ResurrectionQ	42	12	7		t5_2s4td	False
1361090994.0	18ooh1	Two Dragons	drawture	30	5	0		t5_2s4td	False
1359519460.0	17jjme	As requested.	kombatwaffle	32	5	2		t5_2s4td	False
1358573900.0	16v3da	No one left behind	baseball44121	36	9	1		t5_2s4td	False
1358108812.0	16i9wr	My current wallpaper (Breaking Bad) (4/4s)	SamiTheBystander	35	9	0		t5_2s4td	False
1357676038.0	1679oz	I heard Reddit likes bender so here's a iPhone wallpaper 	saifland	40	15	0		t5_2s4td	False
1357167969.0	15upf0	My new Queen wallpaper	jimmylarkin343	29	4	1		t5_2s4td	False
1356995011.0	15qw81	So we're sharing our backgrounds	EmptierVoid	33	6	7		t5_2s4td	False
1351492187.0	129i86	Galaxy cat!	employedasp	31	4	0		t5_2s4td	False
1350812640.0	11u7cx	More gasmask :) 	InstaRageMode	31	3	0		t5_2s4td	False
1349030530.0	10py5m	New Mexico, USA (iPhone 5)	PinusPondo	32	3	2		t5_2s4td	False
1348328895.0	10ato3	My current lock screen wallpaper. 	fourohthree	31	4	4		t5_2s4td	False
1346812486.0	zdepv	Deathly hallows - Imgur	Steve_A_Leeve	31	4	1		t5_2s4td	False
1340142387.0	vaofv	Some nice wallpapers I've been using HD.	theskyisblue222	31	4	1		t5_2s4td	False
1338770002.0	ujcsg	Beaker. 	Sphinctor	30	4	3		t5_2s4td	False
1336671820.0	tgrxq	[HD] Edward Scissorhands by Skottie Young	ink_golem	29	1	2		t5_2s4td	False
1334434943.0	s9w1u	Autumn leaves	NinjaMammut	27	0	0		t5_2s4td	False
1326202173.0	oasl7	My simple/abstract wallpapers from my PC that I usually rotate or crop for the retina display.	EntenEller	29	2	5		t5_2s4td	False
1317795323.0	l1g8u	Per request: Doctor Who Collection [HD]	brygphilomena	31	4	1		t5_2s4td	False
1376301284.0	1k75mb	Heisenberg &amp;Pinkman by Patrick Brown (iPhone 4/4S) 3 Variants	pcKid2	31	4	2		t5_2s4td	False
1375907188.0	1jwoo4	Great wallpaper for iPhone 5/iOS 7	shaybeezy	33	7	6		t5_2s4td	False
1375330751.0	1jh16h	Bubbles	rawtalk	30	4	0		t5_2s4td	False
1374540086.0	1iuob0	X-Men: Days of Future Past #2	qbox11	30	4	0		t5_2s4td	False
1374250420.0	1in008	Awesome game of thrones wallpaper I found enjoy	chasetslice	29	4	0		t5_2s4td	False
1372781347.0	1hi5fj	GameBoy	underscoreDC	41	13	1		t5_2s4td	False
1370184486.0	1fiqta	Original Godzilla (1954) wallpaper for 4/4s	pkong13	31	3	0		t5_2s4td	False
1369952585.0	1fd74j	TMNT: Donatello	jaxspider	32	5	1		t5_2s4td	False
1368736371.0	1eh1op	Cat stand	jaxspider	37	11	0		t5_2s4td	False
1368560123.0	1ec0z2	Daft punk helmet	caittully	30	3	0		t5_2s4td	False
1368483528.0	1e9vg4	Thought you guys might like these!	Grey-Dalcenti	32	6	11		t5_2s4td	False
1368418442.0	1e85g7	Saw a bunch of superhero wallpapers with similar themes.... but no Rorschach?!?! D: I couldn't help but make one.	nielsbulskov	27	1	6		t5_2s4td	False
1368044651.0	1dyco0	Daft Punk	jaxspider	29	3	0		t5_2s4td	False
1364754846.0	1bdc0w	Could someone turn this into an iPhone 5 wallpaper? Preferably an HD one. :)	YourCommentIsInvalid	52	27	3		t5_2s4td	False
1361935212.0	19aysy	My wallpaper, Guess you could say I'm pretty excited for this game!	iRecklessO	34	11	7		t5_2s4td	False
1360532471.0	189mqp	Hope this isn't a repost. Here's my current lock screen wallpaper [iPhone 5]	dregmogul	27	1	0		t5_2s4td	False
1359855671.0	17s8uu	Can anyone make this fit the iPhone 4? 	soup_or_saiyan	40	14	3		t5_2s4td	False
1358526900.0	16tmv7	Sky guitar	Isuhydro	40	14	0		t5_2s4td	False
1358098846.0	16hyt7	Another cool home screen for the 4s	fedex_drop_box	28	2	1		t5_2s4td	False
1357355937.0	15zlqq	[Request] Iphone 5, I don't really care if it's the same picture I would just like the quote. Thanks	guntertheowl	31	5	2		t5_2s4td	False
1356239503.0	15bboq	iPhone 4 wallpaper please!	employedasp	41	13	2		t5_2s4td	False
1354326226.0	143040	(Request) can someone make this fit for the iPhone 4/4s please.	Dragosorus	36	11	3		t5_2s4td	False
1352927853.0	1379ln	My current 4s lock screen. (Resized For the iPhone 5 and matching home screen in comments)	Mitty002	36	10	5		t5_2s4td	False
1351478321.0	12959u	Did my best	TheRealSandman	38	9	1		t5_2s4td	False
1349843411.0	118ivs	Breaking bad, more inside.	phammybly	31	7	6		t5_2s4td	False
1345670179.0	ynqij	Personal iPhone Wallpaper Collection (Retina)	kbruno711	27	1	2		t5_2s4td	False
1345303549.0	yfi66	The Inbetweeners	Mackzilliron	32	7	0		t5_2s4td	False
1341985068.0	wde8u	[Request]Can someone please make this wallpaper[640x940] (x-post mobile wallpapers)	I_Have_Stuff_To_Do	32	5	4		t5_2s4td	False
1337835483.0	u2av8	All mine so far 80+ (99% of them are pretty women)	limes4all	30	5	7		t5_2s4td	False
1335024253.0	slda2	[HD] Zooey D - by request	ink_golem	33	9	3		t5_2s4td	False
1375371214.0	1jhz9y	Can someone resize this for the 4/4s please	ILLSTABYOUWITHABRICK	36	11	2		t5_2s4td	False
1374466171.0	1isii5	Aladeen!	qbox11	38	10	4		t5_2s4td	False
1374462058.0	1ise4v	Could someone re-size this for iPhone 5?	JohnnyPark5	27	3	7		t5_2s4td	False
1374442653.0	1irs5h	Game of Thrones	garebearsfavorite	28	4	0		t5_2s4td	False
1373684467.0	1i74ub	My background on my i5.	Werunthiscity_	33	8	5		t5_2s4td	False
1372909520.0	1hm2rl	Photo shop	underscoreDC	30	6	0		t5_2s4td	False
1372668870.0	1hf0ch	My current lock screen [5]	leontrotskitty	29	4	4		t5_2s4td	False
1371959405.0	1gw4d0	Balloons	cmac91	31	7	2		t5_2s4td	False
1371613709.0	1gmszh	Autobot	cmac91	27	2	0		t5_2s4td	False
1371151400.0	1gacue	Stars between spruce trees, in West Virginia	Muscly_Geek	27	1	0		t5_2s4td	False
1368923045.0	1elshd	Darth Vader 4/4s	S1sco	27	3	0		t5_2s4td	False
1368914754.0	1elk2v	Lion's roar or snore? 4/4	S1sco	28	2	0		t5_2s4td	False
1368734748.0	1egzic	Got some more Superhero Wallpapers!	Grey-Dalcenti	29	5	2		t5_2s4td	False
1368653115.0	1eeqav	Gameboy Green	jaxspider	30	3	4		t5_2s4td	False
1367769112.0	1dqh9s	For the Calvin and Hobbes fans [iPhone 5]	iamacowgod	31	8	7		t5_2s4td	False
1367192251.0	1davg9	Apple	mushkel	50	25	0		t5_2s4td	False
1366610718.0	1cukuy	"[Request] ""Bomb hills not countries"" 4/4s"	Thunderr_Invaderr	34	8	2		t5_2s4td	False
1366061787.0	1cf0bn	Cloud's reflection	tIrevOteG	31	6	1		t5_2s4td	False
1364780682.0	1be659	Is there someone skilled enough in photoshop that can make this an iPhone 5 wallpaper without cutting out the sides of the picture?	Dickie_boi_21	35	8	9		t5_2s4td	False
1364151766.0	1axcut	CoD4 wallpaper I made.	havocson	41	15	2		t5_2s4td	False
1363317693.0	1abvbo	The black knight	Beastmode374	29	5	1		t5_2s4td	False
1362878664.0	1a0177	(Request) I know everyones getting tired of the resizing request, but can anyone resize this to Iphone 5?	jesusmonkey	48	22	10		t5_2s4td	False
1362295441.0	19kfxo	Here's the wallpaper I'm going to leave the cropping up to you guys.	buzzkilingtonIII	35	10	0		t5_2s4td	False
1358740196.0	16yvy7	Thank god for stilt man said no one ever. My favorite new wallpaper.	iriesurfcaptain	33	8	0		t5_2s4td	False
1358438076.0	16r8bw	I'm on a '90's cartoon rant: Courage the Cowardly Dog 	DashSatan	25	0	1		t5_2s4td	False
1358347594.0	16opky	Words to live by	Tyl3r777	39	16	2		t5_2s4td	False
1358168054.0	16jrk7	Pink Floyd wallpaper I made for my iPhone 4s. (One for the iPhone 5 in comments)	Mitty002	36	9	1		t5_2s4td	False
1358048077.0	16h1v7	Tron-y app shelf	therealpmom	32	6	4		t5_2s4td	False
1357690754.0	167sdx	Made this for a friend. Decided to share. (4/4S)	chasetheworld	29	4	7		t5_2s4td	False
1357218297.0	15vx57	Could someone make this into an iPhone 4 wallpaper??	claytonhulme	33	7	6		t5_2s4td	False
1356565951.0	15howf	Snowy Park (How to resize your own wallpapers in comments)	PissedInYourCheerios	30	3	6		t5_2s4td	False
1354229744.0	140pwe	Ubuntu	limelight22	35	8	2		t5_2s4td	False
1354175120.0	13zg3r	Modest Mouse - Shit Luck	MachNeu	32	7	5		t5_2s4td	False
1354133728.0	13y92h	[REQUEST] Can someone please make this fit an iPhone 4 background	Dill777	31	6	3		t5_2s4td	False
1351720925.0	12f8ti	ODST wallpaper for u guys :D	DUBST3PMONST3R	30	5	2		t5_2s4td	False
1351282759.0	1253t4	[Request] Can someone please make this suitable for an iphone 4 lockscreen? Thanks	JanitorAtMtOlympus	38	12	5		t5_2s4td	False
1351105785.0	120ruq	(request) can anyone resize this badass photo to an iPhone 4 wallpaper without the text please	theNo1scotsman	49	23	2		t5_2s4td	False
1350523292.0	11nxck	Awesome warrior 	whatwho_did_that	30	7	3		t5_2s4td	False
1350141761.0	11ezzy	Here's a lion wallpaper :3	Kiklex	37	11	2		t5_2s4td	False
1344874908.0	y5f3c	Super Minimal Super Sonic [HD]	MisterTyzer	26	1	0		t5_2s4td	False
1343776710.0	xh4pg	iOS joker wallpaper	TheRealSandman	29	5	0		t5_2s4td	False
1339038047.0	up5gp	Black Leather	Sphinctor	27	3	0		t5_2s4td	False
1338671637.0	uho0f	More minecraft 	Hamstertoast	30	5	0		t5_2s4td	False
1335468790.0	su0wt	Slightly less colorful	the_fuzzy_one	28	3	0		t5_2s4td	False
1333051556.0	rjqzk	Head Stand [HD] [NSFW]	blackstrat	38	10	0		t5_2s4td	False
1320959693.0	m7vos	Bored at work, decided to shake up the ole wallpaper.  Here's a dark, digital theme!	werfnort	26	2	1		t5_2s4td	False
1319679809.0	lqfxx	[HD] Another good minimalist background.	CrazyEdward	26	2	3		t5_2s4td	False
1376424527.0	1katx4	im looking for this iphone 5 wallpaper without the phrames, can anyone find it please?	NuKe95	29	8	2		t5_2s4td	False
1375573661.0	1jni4d	Foxes in the snow.	Squidward_On_Drugs	27	4	2		t5_2s4td	False
1375412730.0	1jjhnd	Downtown at night.	AZzombie	33	10	3		t5_2s4td	False
1374302812.0	1iomfb	Just got this game and it is great	venwind	32	8	9		t5_2s4td	False
1373310632.0	1hvrnz	My new deliciously morbid lock screen wallpaper (iPhone 5)	Goose-Butt	44	20	3		t5_2s4td	False
1372818605.0	1hjhop	My current wallpaper on my 4s	dano17	28	5	0		t5_2s4td	False
1372487157.0	1has4d	Pokémotivation.	onefuckinminute	33	11	0		t5_2s4td	False
1372330225.0	1h66jb	Groudon Kyorgre &amp; Rayquaza	Devilish_xJ0K3R	34	8	0		t5_2s4td	False
1372290948.0	1h56vi	[Request] Could someone re size this for 4th Gen?	ErrorNotValid	33	11	4		t5_2s4td	False
1372033943.0	1gxscf	[REQUEST] Can someone make this an iPhone 4 wallpaper?	2lazytomakeone	33	8	8		t5_2s4td	False
1371863099.0	1gtxnq	Car background	underscoreDC	27	4	2		t5_2s4td	False
1371700393.0	1gpf7p	Not sure why i made this.	Askesl	29	5	4		t5_2s4td	False
1371652297.0	1gnneb	Assassins creed 4/4s	savcody	33	10	1		t5_2s4td	False
1371572449.0	1glbnl	[iPhone 5] Love - Forever Changes	RedditIsForNiggers	30	5	4		t5_2s4td	False
1371359108.0	1gfuhr	Long Live King George	BeastOf13urden	39	15	0		t5_2s4td	False
