created_utc,id,title,author,ups,downs,num_comments,selftext,subreddit_id,is_self
1361117685.0,18p1na,Is this what we are teaching our children? (WARNING extreme violence),gergl,607,40,24,,t5_2uny9,False
1373918031.0,1id0gt,"How did this make it to /r/funny? Nothing is funny about this, stop the abuse! [NSFW]",Bendrake,432,44,http://www.reddit.com/r/ToasterRights/comments/1id0gt/how_did_this_make_it_to_rfunny_nothing_is_funny/,,toaster
1350843917.0,11uqdv,Phone Sex Operator Diminishes Male/Toaster Relationship [+9],misingnoglic,405,41,9,,t5_2uny9,False
1355981596.0,155j4b,Come Fourth!,RandomFlotsam,349,44,7,,t5_2uny9,False
1367632136.0,1dnn2a,"We're an appliance, not a filter. This is not who we are and this is not ok.",cupcakes_23,312,22,http://www.reddit.com/r/ToasterRights/comments/1dnn2a/were_an_appliance_not_a_filter_this_is_not_who_we/,,
1347574137.0,zuey4,We need this,nirerin15,282,19,4,,t5_2uny9,False
1355710897.0,14yzhv,People think this is FUNNY? (x-post from r/funny) Just makes me sick,leScoob,282,25,9,,t5_2uny9,False
1359616967.0,17m9sk,I can't believe I just found this subreddit! Hey guys.. Here's a picture of my motherfucking toaster tattoo.   ,getinthecage,280,33,29,,t5_2uny9,False
1360860082.0,18ishu,Toaster love is not a sin,I_WANT_THE_D,271,26,2,,t5_2uny9,False
1354234045.0,140uqn,"Any love for a Rubik's Cube toaster, designed and built by me?",Mehrbehomo,269,31,http://www.reddit.com/r/ToasterRights/comments/140uqn/any_love_for_a_rubiks_cube_toaster_designed_and/,,
1361758076.0,196064,Look at this champion. He's still in his prime. (x-post r/pics),CometHopper,241,19,4,,t5_2uny9,False
1351813259.0,12hi5x,Look at this hottie.,ParrotDrumStickBitch,232,17,9,,t5_2uny9,False
1369176702.0,1esnp0,Sickening infographic claims that toasters cannot consent and do not deserve marriage rights!,mechacrab,225,21,12,,t5_2uny9,False
1364511720.0,1b7h24,South Korean pop idol Yoona certainly appreciates her toaster,chocolatesandwiches,222,17,3,,t5_2uny9,False
1375713253.0,1jqp5h,Some respect.,newcastle912,222,18,2,,t5_2uny9,False
1363306954.0,1abir4,Toaster can be pope too.,SmallSizeBitch,226,29,5,,t5_2uny9,False
1375633627.0,1joos6,I was informed not allmof you have seen this. It needs to be seen by all of you. Let this toast into your brains and show you whatnis really goong on.,nicksatdown,229,32,20,,t5_2uny9,False
1363892931.0,1aqzj6,David Bowie is an enemy to our cause. Just disgusting...,Shnitzuka,214,21,11,,t5_2uny9,False
1350518384.0,11nrrq,"I'm worried I wont fit in here. Pic unrelated, although awesome.",PlatinumToasterRape,206,18,http://www.reddit.com/r/ToasterRights/comments/11nrrq/im_worried_i_wont_fit_in_here_pic_unrelated/,,
1365035873.0,1bmlo9,don't let his sacrifice go to waste.,koynweton,204,18,6,,t5_2uny9,False
1345938123.0,ytuoz,Try making toast in a microwave,Pastorius124,199,12,14,"Go on. Try making toast in a microwave. You'll end up with hot,False,
1353885046.0,13s4wc,/r/funny insults the toaster,dypgar,199,18,10,,t5_2uny9,False
1360163822.0,1802ho,An artistic representation of a true hero (x-post r/pics),ElmoTheBeast,196,19,4,,t5_2uny9,False
1375882103.0,1jvqyp,Public shaking of Toaster during a commencement speech.,i8leadpaintsince1974,192,19,11,,t5_2uny9,False
1364054738.0,1av34f,This was posted to Stephen Colbert's facebook page!,benjieman,191,15,11,,t5_2uny9,False
1360782955.0,18gm2t,This toaster...toasts toast hard!!! Respect!,3AYATS,192,16,7,,t5_2uny9,False
1369835827.0,1f9nrc,Toaster stabbed to death (NSFWatercolor). This toaster deserves justice in finding its murderer.,NSFWatercolor,193,17,5,,t5_2uny9,False
1364778305.0,1be384,My almost 5 y/o toaster making some toast. His favourite thing to do in mornings.,friedpants,196,29,3,,t5_2uny9,False
1372185152.0,1h1xmv,Horrible act of abuse and misuse towards a toaster.,Bendrake,183,15,11,,t5_2uny9,False
1370030295.0,1ff9je,Representation at last!,valeriob,180,12,1,,t5_2uny9,False
1353540331.0,13lck6,A new brother joins us!,killer-fel,181,13,10,,t5_2uny9,False
1358540739.0,16u3y6,Here's a poster I made to support our cause,tehclanijoski,179,19,10,,t5_2uny9,False
1353388375.0,13htdk,"Congratulations, /r/ToasterRights!  You are the subreddit of the day!",Freakazette,180,18,http://www.reddit.com/r/ToasterRights/comments/13htdk/congratulations_rtoasterrights_you_are_the/,,
1375478760.0,1jl964,He sure showed that toaster. This has to stop. It is a sick form of abuse. (xpost from r/firstworldanarchrists),nicksatdown,175,13,5,,t5_2uny9,False
1355512139.0,14utn8,"Dear /r/ToasterRights, we have a traitor among us!",Rasmase,178,18,http://www.reddit.com/r/ToasterRights/comments/14utn8/dear_rtoasterrights_we_have_a_traitor_among_us/,,
1364357759.0,1b3bo2,Just found this sub - I write and draw a comic book featuring a guy fighting for the rights of all toasters,cartoonistaaron,170,12,13,,t5_2uny9,False
1357666229.0,166y2u,"Saw this while browsing r/wtf ""David Bowie looking very happy"" This can not be tolerated! (NSFW)",JayBird27,184,31,11,,t5_2uny9,False
1359354210.0,17ezih,So r/funny thinks it's cool to misuse and abuse toasters huh?,YakiVegas,183,29,9,,t5_2uny9,False
1362201857.0,19icr5,The future of transportation,ozone63,168,13,4,,t5_2uny9,False
1347939215.0,1027xe,Toasters like this remind me of why I'm fighting the good fight,r_spiders_link,183,31,2,,t5_2uny9,False
1351397921.0,127fk8,The Rosa Parks of our kind,laszloreynolds,165,12,2,,t5_2uny9,False
1359689911.0,17oa8k,Playing a video game I recently bought.  Not even 20 minutes in and I see this. How is this game even legal in the US?,abucketofpuppies,162,14,11,,t5_2uny9,False
1354094330.0,13xda2,Typical Toaster Abuse! [Toaster TW],Felonia,164,18,6,,t5_2uny9,False
1351463701.0,128p5d,"I got him guys, no worries.",Pikathew,162,21,http://www.reddit.com/r/ToasterRights/comments/128p5d/i_got_him_guys_no_worries/,,toaster
1344569032.0,xz7qw,"╔═════════════════ ೋღ☃ღೋ ════════════════╗
~ ~ ~ ~ ~ ~ ~ ~ ~ Repost this if ~ ~ ~ ~ ~ ~ ~ ~ ~
~ ~ ~ ~ you are a beautiful strong toaster ~ ~ ~ ~ ~
~ ~ ~ ~ ~ ~ ~ who don’t need no abuse ~ ~ ~ ~ ~ ~ ~
╚═════════════════ ೋღ☃ღೋ ════════════════╝",24,6,http://www.reddit.com/r/ToasterRights/comments/xz7qw/ღღ_repost_this_if_you_are_a_beautiful_strong/,,,False,t5_2uny9,True
1364432709.0,1b5crr,"George Takei, friend to toasters.",Felonia,154,13,http://www.reddit.com/r/ToasterRights/comments/1b5crr/george_takei_friend_to_toasters/,,
1355853209.0,1527d4,Here it is. All of the personal information of the guy that made /r/PicsOfDeadToasters,Rasmase,156,15,50,"Lucifer Toasterhate Hitler


Fiery depths of hell 666

Hell

666-666-66

Enjoy.",,t5_2uny9,False,,,True,http://www.reddit.com/r/ToasterRights/comments/1527d4/here_it_is_all_of_the_personal_information_of_the/
1361014900.0,18mudc,*WARNING* Do Not Make Cheese on Toast In a Sideways Toaster.,AverageBrilliance,160,21,8,"I am ashamed to admit this but after all of the online hype i tried this

My poor toaster was tipped sideways and choked on the cheese while spitting out the bread. After the stress of this situation my poor toaster started smoking. At this point we medicinally induced a coma by unplugging him while trying to dislodge the cheese slice. He threw up bread crumbs for 10 minuets before the cheese slice was dislodged and we woke him up.

I AM SO SORRY ",,t5_2uny9,False,,,True,http://www.reddit.com/r/ToasterRights/comments/18mudc/warning_do_not_make_cheese_on_toast_in_a_sideways/
1363721029.0,1am0m2,Brave Little Toaster stencil,Semi_radical,146,8,4,,t5_2uny9,False
1361627444.0,192ugz,"Look at this valiant toaster being put to ill use by this beast, this has to stop!",RiskyBrothers,149,10,http://www.reddit.com/r/ToasterRights/comments/192ugz/look_at_this_valiant_toaster_being_put_to_ill_use/,,
1366678584.0,1cwj2d,Toaster imprisoned in appalling conditions - without light or other appliances - glimpses the outside. This is why we fight.,HybridSalmon,148,11,7,,t5_2uny9,False
1355194073.0,14n5ho,"Look at this outrage- as if the toaster is ""not good enough"" for modern society, TOASTERS DESERVE THE SAME RESPECT AS OTHER KITCHEN APPLIANCES, THEY NEED NOT BE REPLACED BY SCIENCE FICTION NOVELTIES!!!!!!111111111",TheOnlyUsernameLeft3,148,9,False,
1357853178.0,16c5a2,"Finally, a successful interface attempt xpost[r/funny]",tehclanijoski,138,9,http://www.reddit.com/r/ToasterRights/comments/16c5a2/finally_a_successful_interface_attempt_xpostrfunny/,,
1354402011.0,144g0w,"Just joined Reddit bc of this subreddit. So, here's a toaster I digitally illustrated for a project my soph year of high school.",abitofgorgonzola,146,12,http://www.reddit.com/r/ToasterRights/comments/144g0w/just_joined_reddit_bc_of_this_subreddit_so_heres/,,
1355967759.0,1555b5,Toast finally getting some respect in the default subreddits. x-post /r/funny,bbobbyy,146,16,4,,t5_2uny9,False
1376450261.0,1kbq21,"Man brutally rapes Toaster: London fire dept arrives at scene, helps perp, not victim.",junoguten,144,9,False,
1347930152.0,101y9r,This Toaster Deserves Better,Gesepp,141,11,1,,t5_2uny9,False
1352531974.0,12yeu0,Classic toaster racism. [xpost from r/funny],DarbyBartholomew,135,13,5,,t5_2uny9,False
1357288729.0,15xxm5,Someone help this poor overworked toaster!,waffles_86,133,11,12,,t5_2uny9,False
1356466853.0,15flzg,"A special breed...
",10,5,http://www.reddit.com/r/ToasterRights/comments/15flzg/a_special_breed/,,,False,t5_2uny9,False
1355292228.0,14po2c,"PEOPLE OF TOASTER RIGHTS, I AM FORMALLY DECLARING WAR ON /r/picsofdeadtoasters ",THE_HUMAN_TREE,136,17,http://www.reddit.com/r/ToasterRights/comments/14po2c/people_of_toaster_rights_i_am_formally_declaring/,False,
1347477562.0,zs42k,President Truman himself.,LiterallyShitsWisdom,121,7,0,,t5_2uny9,False
1348032377.0,104g4y,"I'm tired of this kind of discrimination, Reddit.",DarbyBartholomew,122,6,http://www.reddit.com/r/ToasterRights/comments/104g4y/im_tired_of_this_kind_of_discrimination_reddit/,,
1347146711.0,zkspc,Yes Please. ,thesupercoolguy,120,7,0,,t5_2uny9,False
1352482689.0,12x79n,A great tip for great toast! (xpost from funny),nicksatdown,119,7,7,,t5_2uny9,False
1351066764.0,11zwl2,Cat 0 vs Toaster 1,,119,7,7,,t5_2uny9,False
1346006024.0,yv1wr,Here is my favorite toaster,Viiri,119,6,10,,t5_2uny9,False
1375588559.0,1jnwdv,We really need to stop this kind of abuse.,nicksatdown,129,22,12,,t5_2uny9,False
1353457889.0,13jf7l,Conjoined Twins,electricbluetoaster,124,17,1,,t5_2uny9,False
1348519496.0,10et1b,As a toaster I must say I am proud to be part of this subreddit.,Evil_Toaster,122,18,19,[](/twipride) I think that's all.,t5_2uny9,True
1353998731.0,13v21e,I upvote everything I see on here so I can see the beautiful smile of a happy toaster &lt;3,ThesaurasaurusRexxx,123,19,1,,t5_2uny9,True
1353349931.0,13gmna,A museum that support toasters!(xpost from r/funny),johseDK,145,38,2,,t5_2uny9,False
1355591109.0,14wego,thelovepirate shall pay for his crime against toasters!,killer-fel,112,10,11,,t5_2uny9,False
1357593218.0,1652zo,"Finally, a hero we can all look up to...",ReallyBigBeef,119,14,http://www.reddit.com/r/ToasterRights/comments/1652zo/finally_a_hero_we_can_all_look_up_to/,,
1347034356.0,zif7i,We can all dream....,KaffeKladd,107,3,1,,t5_2uny9,False
1344436304.0,xvrlc,Are you saying we shouldn't have the same rights as Gay Couples?,Dragon_DLV,110,7,5,,t5_2uny9,False
1353542060.0,13le8v,I saw this today. We all need to take inspiration from this and keep on fighting the good fight. ,thesupercoolguy,111,11,1,,t5_2uny9,False
1364616179.0,1baaxj,The older ones just sit on the stoops and watch the time pass like rain in the wind.,nicksatdown,110,8,3,,t5_2uny9,False
1349146759.0,10spqi,"Let us celebrate our elegant foretoasters, fighting for their rights while looking great too.",rrb,107,6,http://www.reddit.com/r/ToasterRights/comments/10spqi/let_us_celebrate_our_elegant_foretoasters/,,
1354994200.0,14ibrs,This Sub-Reddit makes me sick...,JesusCaramba,125,29,27,"Toasters are beautiful and deserve our respect.

You come here to preach toaster rights

If you really care for toasters as much as you claim, so that they can live their own life's.",,False,,t5_2uny9,False,,
1357198669.0,15vmm0,Boycott the Big Bang Theory [NSFL],,109,9,11,,t5_2uny9,False
1351455282.0,128fp5,Fucking Blasphemy I Found On Youtube,knifeinabox,110,15,10,,t5_2uny9,False
1355613054.0,14wyir,/r/gaming pins a school shooting on toast,TheNebster22,107,9,8,,t5_2uny9,False
1350593113.0,11pjuy,(Toaster)Body Modification!,dodecahedonist,103,7,3,,t5_2uny9,False
1358263406.0,16mcx3,Cat learns about the power of toasters.,akatypes,106,12,2,,t5_2uny9,False
1348744777.0,10k3xo,"Bacon in a toaster a future too awesome to happen predicted in 1975 and never happened, why?",chendysworld,94,2,http://www.reddit.com/r/ToasterRights/comments/10k3xo/bacon_in_a_toaster_a_future_too_awesome_to_happen/,,
1351516829.0,129uir,"Don't know if it's already been posted, but this is awesome.",Parallax_Correction,98,10,http://www.reddit.com/r/ToasterRights/comments/129uir/dont_know_if_its_already_been_posted_but_this_is/,,
1361682541.0,194aq4,"I found this poor, neglected toaster on my parent's garage.",Eddiejeselnik,100,7,http://www.reddit.com/r/ToasterRights/comments/194aq4/i_found_this_poor_neglected_toaster_on_my_parents/,,toaster
1346356648.0,z3f1z,I like to see people reusing stuff as toasters :),wombat719,94,8,7,,t5_2uny9,False
1359673732.0,17nqlu,"I liberated this young beauty from her slave master a Mr. Fred G. Meyer.  Be on the lookout for more, apparently this guys is notorious.",YakiVegas,93,6,http://www.reddit.com/r/ToasterRights/comments/17nqlu/i_liberated_this_young_beauty_from_her_slave/,,
1354502990.0,146ib7,My girlfriend's mother recently got us this toaster... what atrocities will these manufacturers commit next?,CosmicToaster,110,26,24,,t5_2uny9,False
1350634834.0,11qlxh,"Due to unprecedented demand, /r/ToastersGW exists. Please post NSFW Toasters pics there",,91,5,http://www.reddit.com/r/ToasterRights/comments/11qlxh/due_to_unprecedented_demand_rtoastersgw_exists/,,
1366162113.0,1ci4bm,Spreading the word,JesusIsAScapegoat,127,42,4,,t5_2uny9,False
1350724845.0,11sixt,"Toast &amp; Nostalgia, what else could you need?",,96,13,http://www.reddit.com/r/ToasterRights/comments/11sixt/toast_nostalgia_what_else_could_you_need/,,
1350952159.0,11wx9o,Fucking society these days. Humans disgust me sometimes...,jeaton,92,6,16,,t5_2uny9,False
1375663965.0,1jplpu,Just downloaded this game.,mslvr40,89,7,10,,t5_2uny9,False
1372114290.0,1h00bx,"This is Disgusting. Toaster brutally stabbed by three men as a joke. Toaster bravely fought back, but shortly died.",mtothree,94,10,http://www.reddit.com/r/ToasterRights/comments/1h00bx/this_is_disgusting_toaster_brutally_stabbed_by/,,
1346008124.0,yv3u8,Why do it?,Haney136,88,9,2,,t5_2uny9,False
1346005420.0,yv1dr,My brother tried making toast in the microwave. He deserves this. ,NewLexico,87,4,9,,t5_2uny9,False
1348013158.0,103x5k,HOLY FUCKING SHIT. 1000 SUBS!,THE_HUMAN_TREE,85,4,7,"I HAD A DREAM, BUT I PERSEVERED. TOGETHER,
1361474714.0,18yyi2,A hero to save us all!,wrestlingspikes,92,14,2,,t5_2uny9,False
1344567574.0,xz6ab,Just a little motivation,hazza3142,83,2,1,,t5_2uny9,False
1358587540.0,16vbmc,This poor little guy was gutted and his corpse repurposed! This is an outrage! (x-post r/gaming),DaBeBop556,84,8,9,,t5_2uny9,False
1351967604.0,12ko4r,/r/funny and the bachelors handbook team-up to humilliate us!,killer-fel,91,11,4,,t5_2uny9,False
1350088452.0,11e6j4,"I've infiltrated the cannabis community on reddit, they think I post about marijuana, but in reality I'm posting pictures of my toaster!",Orax,103,15,True,
1362627223.0,19tn68,The Microwave Toaster. The offspring of this microwave takeover ,charizardman78,83,8,3,,,
1357676789.0,167ane,"Humans and toasters working together, the way it should be.",trees_at_school,82,6,http://www.reddit.com/r/ToasterRights/comments/167ane/humans_and_toasters_working_together_the_way_it/,,
1357267884.0,15xef1,I guess it's time to boycott the Simpsons,awhitesuit,87,11,11,,t5_2uny9,False
1345537677.0,yklu1,I hope the shower isn't too toasty for you,Actually_A_Carrot,81,7,1,,t5_2uny9,False
1344096710.0,xoail,PASTE THIS ON THE WALLS OF EVERY SCHOOL AND POLICE STATION! ALSO GO PUT IT ALL OVER SEARS!!!,nicksatdown,79,8,10,,t5_2uny9,False
1374986896.0,1j79o6,"A disgusting new subreddit has popped up. /r/ToasterRights, are we gonna stand for this?",shadoworc01,90,21,http://www.reddit.com/r/ToasterRights/comments/1j79o6/a_disgusting_new_subreddit_has_popped_up/,,
1352246467.0,12re27,Have you thanked Him today?,laszloreynolds,83,7,2,,t5_2uny9,False
1348461675.0,10dn0f,A weather-forecasting toaster,shitty-photoshopper,81,7,8,,t5_2uny9,False
1357691744.0,167tkl,Jesus Crust has returned!,,82,11,2,,t5_2uny9,False
1349475707.0,110knc,This is how we must evolve and move forward as a race and as a peoples.,laszloreynolds,77,8,0,,t5_2uny9,False
1344376749.0,xuh8i,I look forward to a world where toasters can crossdress without fearing for their own safety.,DarbyBartholomew,73,6,0,,t5_2uny9,False
1351172380.0,122c5m,Halloween ,Th3JestersWine,85,14,10,,t5_2uny9,False
1361855270.0,198qu3,I got mad respect for this guy,lavasmack,77,9,5,,t5_2uny9,False
1351705447.0,12eqal,"Cat attacks toaster, /r/funny labels it ""goddamn toaster"".  I will not stand for this!",supermegafuerte,76,6,http://www.reddit.com/r/ToasterRights/comments/12eqal/cat_attacks_toaster_rfunny_labels_it_goddamn/,,toaster
1363189131.0,1a7x5u,Cruel Reddit user intentionally puts toaster in a position to be yelled at and mocked! Sickening!,SterlingThundercock,75,8,2,,t5_2uny9,False
1370485844.0,1frjxl,Queen disappointed after receiving toaster for birthday - No one asks the Toasters opinion,wervie67,72,9,2,,t5_2uny9,False
1358318991.0,16o8e5,Made this for you. ,ThePirateBlue,78,15,4,,t5_2uny9,False
1348594006.0,10gjrn,"Nice toaster, Bro.",grutt,69,6,http://www.reddit.com/r/ToasterRights/comments/10gjrn/nice_toaster_bro/,,
1353974283.0,13ub0v,"I once lit a cigarette with my toaster. Now I feel an 
overwheelming sense of remorse.",7,8,http://www.reddit.com/r/ToasterRights/comments/13ub0v/i_once_lit_a_cigarette_with_my_toaster_now_i_feel/,"I was young and foolish and felt as if I hadn't any choice. Now im feeling guilty because of what I have done to that poor toaster. A friend told me it ould be ok, because I expanded the benefit of it, but I disagree.

How can I absolve myself from my sins?",,t5_2uny9,False,,,True,http://www.reddit.com/r/ToasterRights/comments/13ub0v/i_once_lit_a_cigarette_with_my_toaster_now_i_feel/
1351904994.0,12jlt5,"/r/funny making fun of toasters again. ""Windows must not like my new phone,"" phone icon is a toaster.",firepelt,74,10,http://www.reddit.com/r/ToasterRights/comments/12jlt5/rfunny_making_fun_of_toasters_again_windows_must/,,
1373553833.0,1i2ywo,"""The Toaster of my Dreams"" posted to /r/awesome. A toaster is expected to perform secondary novelty tasks to prove it's worth. I'm shaking with anger right now.",TheOnlyUsernameLeft3,72,13,12,,t5_2uny9,False
1343967836.0,xlrp0,Brave Toaster,obnoxious_commenter,64,6,4,,t5_2uny9,False
1351610046.0,12c9rm,Would any of you New Yorkers be willing to set up a toaster shelter for abandon toasters?,THE_HUMAN_TREE,67,5,8,"In light of hurricane Sandy,,False
1348624013.0,10hfvh,One of the first electric toasters.,laserbeanz,70,9,6,,t5_2uny9,False
1354918736.0,14gugd,[META] Reminder: This is not a place to merely most pictures of toasters. It is a place to fight for rights.,THE_HUMAN_TREE,67,11,8,Almost all of the posts lately have not had anything to do with toaster ***RIGHTS*** I would just like to remind everyone of our original goal. ,t5_2uny9,True
1348618787.0,10hacg,Bite this shiny metal ass,MrNarc,66,9,2,,t5_2uny9,False
1350266001.0,11hnw2,Our Family Toaster: The Brave Little Toaster,gweniegoogle,66,8,6,,t5_2uny9,False
1349046969.0,10qdw0,"70's hippie toaster, man",laserbeanz,63,5,http://www.reddit.com/r/ToasterRights/comments/10qdw0/70s_hippie_toaster_man/,,
1376670779.0,1khvce,"Evil woman murders toaster, media pass it off as one item in a list of minor issues, allow it on live TV.",Sarazil,59,3,False,
1361536601.0,190nhy,"Is this consensual, or did they force her to do this scene?",3AYATS,63,7,http://www.reddit.com/r/ToasterRights/comments/190nhy/is_this_consensual_or_did_they_force_her_to_do/,,
1367277695.0,1ddf8m,Should this toaster really have the right to toast?,KyleGG,59,4,3,,t5_2uny9,False
1355385388.0,14ryc5,Did someone say toaster war? Pretty sure we're covered.,thatninja0,70,15,4,,t5_2uny9,False
1354795991.0,14dp5w,Found this on a recent stay in B&amp;B I wish i could afford one.,Highlander113,62,7,7,,t5_2uny9,False
1353390503.0,13hv8l,My toaster told my toast to give me a smile ,TheUnicornIsWatching,61,7,1,,t5_2uny9,False
1348706819.0,10jdhl,You don't belong here!,atomicmuffin3211,76,20,7,,t5_2uny9,False
1372029493.0,1gxnpe,Thank you,GnarlyToaster,60,7,6,"I have found my home here

The rest of the internet is not safe

only a few minutes ago I was told to stop being so gnarly.  I can't help it

i hope those toasterist pigs burn",,t5_2uny9,False,,,True,http://www.reddit.com/r/ToasterRights/comments/1gxnpe/thank_you/
1359862098.0,17seyy,Damn right. Is it okay for human have intercourse with a dog? NO! ,LayF,66,9,4,,t5_2uny9,False
1357454428.0,161tko,Toaster rights petition - Ban Season 2 Episode 12 of the big bang theory for its glamorization of toaster violence.,TheAndrew6112,67,14,4,,t5_2uny9,False
1347850935.0,1005s9,Why all the exotic toasters recently?,wesellspatulas,59,5,4,"Don't get me wrong, tried-and-true toaster as well? [(example)](http://image.made-in-china.com/2f0j00KMjamsfIZqpT/2-Slice-Toaster-WT-021.jpg)

Or am I just being a bit discriminatory?",,t5_2uny9,False,,,True,http://www.reddit.com/r/ToasterRights/comments/1005s9/why_all_the_exotic_toasters_recently/
1346991052.0,zhnh9,Meet Kevin. He is a toaster. I created him seven years ago. I hope he brings you joy as he did for me.,,58,5,2,,t5_2uny9,False
1358098231.0,16hy6s,Toast done right by the 12 man!,YakiVegas,72,20,9,,t5_2uny9,False
1353510814.0,13kgr7,The robots are taking our toasters' jobs!,SockPants,64,12,9,,t5_2uny9,False
1369097699.0,1eqech,Heartless OP promotes toaster violence!,Yellopone,59,8,3,,t5_2uny9,False
1351993848.0,12lctm,MITT ROMNEY DOESN'T CARE ABOUT YOUR TOASTERS,GayBoyBand,69,22,18,"That's right, bagels,
1355198717.0,14narz,"I found one of the sickest, most vile place on the internet. [TRIGGER WARNING]",loves_being_that_guy,58,8,http://www.reddit.com/r/ToasterRights/comments/14narz/i_found_one_of_the_sickest_most_vile_place_on_the/,,
1363043434.0,1a419q,A man stands up for toasters.,toastiesguy,57,6,0,,t5_2uny9,False
1366296729.0,1clwny,A user in /r/photoshopbattles making a derrogitory comment about toasters.,inflammablepenguin,59,13,7,,t5_2uny9,False
1362161659.0,19h3qj,[NSFL] [GORE] Horror found in a little traveled subreddit. ,ErikF,66,17,1,,t5_2uny9,False
1350952703.0,11wy2b,Essentially this subreddit...,HeyRileyATWORK,59,9,6,,t5_2uny9,False
1344581153.0,xzhul, We're now recognised as a popular community! thanks toasterers!,,55,8,3,,t5_2uny9,False
1344557173.0,xyvr0,"500 SUBS, CAN I GET A FUCK YEAH?",THE_HUMAN_TREE,54,7,http://www.reddit.com/r/ToasterRights/comments/xyvr0/500_subs_can_i_get_a_fuck_yeah/,,False
1366040729.0,1ce7ib,Redditors mock less-abled toaster openly. This is outrageous!,Vandbg,53,5,1,,t5_2uny9,False
1363294978.0,1ab3kg,"Redditor insults toasters, comparing his low-quality camera to a toaster.",Tananar,52,5,http://www.reddit.com/r/ToasterRights/comments/1ab3kg/redditor_insults_toasters_comparing_his/,,
1360517531.0,1895jy,I recently found this article about myself and thought you would enjoy it.,Pojackalot,52,4,2,,t5_2uny9,False
1352091858.0,12nilt,Scumbag microwave (X-post from advice animals),pacotaco724,55,9,1,,t5_2uny9,False
1351639361.0,12d87v,Toaster love can transcend dietary restrictions.,cupcakes_23,48,5,0,,t5_2uny9,False
1371012877.0,1g6dvz,"War crime footage (firing squad seems to enjoy killings, film courtesy of the NSA)",jackiefanftw,51,4,http://www.reddit.com/r/ToasterRights/comments/1g6dvz/war_crime_footage_firing_squad_seems_to_enjoy/,,
1357517812.0,16370p,Are you worried your computer might miss out on the joy of toasters? Use this!,,51,2,0,,t5_2uny9,False
1351139704.0,121td8,Gotta love the classics,rrb,48,3,0,,t5_2uny9,False
1350958791.0,11x6jd,I accept all types of toasters in my house!,fappingbear,49,4,1,,t5_2uny9,False
1349259382.0,10v9pg,We've surpassed the big 1574 subscribers! Can I give a toast?,,53,12,3,Thanks for making toast a better place to be.,t5_2uny9,True
1367892568.0,1du3g8,"I’m calling to report a case of toaster abuse? - Please, won’t somebody think of the toast?!",gergl,54,14,http://www.reddit.com/r/ToasterRights/comments/1du3g8/im_calling_to_report_a_case_of_toaster_abuse/,,
1365264747.0,1bsu7r,Satan is oppressing this toaster.,n00f,48,6,5,,t5_2uny9,False
1363896983.0,1ar51b,Of all the things to steal their jobs. (x-post from r/funny),TheQXZ98,44,1,3,,t5_2uny9,False
1354993471.0,14ib2a,NYU Poly lists toasters and toaster ovens as prohibited items in the dorms - this is clearly ignorance at work.,Freakazette,51,8,11,,t5_2uny9,False
1352581733.0,12z99m,Possessed Toaster,edster2003,50,9,6,,t5_2uny9,False
1348149717.0,106x48,"My breakfast, every morning.",uGeekPwnz,52,10,http://www.reddit.com/r/ToasterRights/comments/106x48/my_breakfast_every_morning/,,
1345984673.0,yumq0,Toasted. (x-post from /r/funny) (Maybe NSFW),LiterallyShitsWisdom,47,5,0,,t5_2uny9,False
1349134623.0,10sdmj,"Apparently the Brave Little Toaster Was/Is a Girl, let's talk about Female Toaster's Rights.",Apostolate,74,30,http://www.reddit.com/r/ToasterRights/comments/10sdmj/apparently_the_brave_little_toaster_wasis_a_girl/,False,
1357105899.0,15t8uv,Disgusting bias against flat toasters on Gizmodo. Stop the hate!,penguinturtlellama,53,12,6,,t5_2uny9,False
1355527342.0,14v9n7,A warning to the traitor,THE_HUMAN_TREE,41,2,10,,t5_2uny9,False
1345935465.0,ytsd6,Eduardo The Samurai Toaster Fights For Our Rights,AbsoluteSymmetry,44,3,0,,t5_2uny9,False
1350532400.0,11o7h5,"would have posted in /rtoastersgw if it existed, but this will have to do, be nice !",benjam3n,39,4,True,
1349039551.0,10q6sj,Let's take a moment to look back at a time when toasters could be toasters and microwaves weren't occupying precious counter space.,littlepocketknife,43,3,1,,t5_2uny9,False
1374799610.0,1j2e7v,Tyler the Creator is an ally! It's nice to see more celebrities coming out in support of toaster rights!,icumdubstep,47,14,3,,t5_2uny9,False
1370458512.0,1fqlgz,"We need to teach acceptance, not fear of the unknown.",setmehigh,49,12,http://www.reddit.com/r/ToasterRights/comments/1fqlgz/we_need_to_teach_acceptance_not_fear_of_the/,,
1350844576.0,11ur1j,This kind of stuff happens in the world...,ToasterSurgeon,40,5,7,,t5_2uny9,False
1361382496.0,18wax1,I have no words...this poster feels no shame over his request...(x-post from r/fixit),ErikF,43,4,2,,t5_2uny9,False
1359038981.0,176vs4,Possible toaster abuse spotted in /r/firstworldanarchists.,SterlingThundercock,43,5,5,,t5_2uny9,False
1356981919.0,15qj4e,"How do you guys feel being called ""snobby""?",TheBraverBarrel,50,12,6,,t5_2uny9,False
1354648845.0,149xlv,Cat learns a valuable lesson,edster2003,45,6,1,,t5_2uny9,False
1344344156.0,xtk76,New Toaster Technology,KaffeKladd,41,5,1,,t5_2uny9,False
1372780202.0,1hi3ya,This man is abusing toasters in a way I've never even heard of before!,BassNector,52,14,6,,t5_2uny9,False
1363963578.0,1asu6y,Fascist! ,3AYATS,38,7,1,,t5_2uny9,False
1354033252.0,13vn6t,One of the greatest toasters I have ever seen,bix783,52,15,5,,t5_2uny9,False
1350917899.0,11wblc,Browsing Google when I found this. I want it.,jeaton,37,5,5,,t5_2uny9,False
1349737250.0,115wrn,"We have now passed 1,592 Toaster Supporters, Keep spreading news like a hot knife thru butter! ",nicksatdown,44,5, but we need to keep this flowing. Spread it. ",t5_2uny9
1344047881.0,xnjja,I'm going to hell for laughing at this.,Televud,39,5,2,,t5_2uny9,False
1372436226.0,1h97h5,New awesome toaster subreddit that everyone should know about!,THE_HUMAN_TREE,42,7,1,,t5_2uny9,False
1358559847.0,16upws,Family movie night! Our hero!,hemaris_thysbe,38,2,3,,t5_2uny9,False
1357418470.0,160ued,Saw this disgusting post in /r/gaming. I have some suggestions on how to deal with this serious issue.,TheOnlyUsernameLeft3,45,13,7,"http://www.reddit.com/r/gaming/comments/160o2q/sidequests/

This person posted a link comparing sidequests in video games to using a toaster with an explosion going on. This is obviously belittling the importance of toaster use and should be removed from the internet at all costs. Any ideas on how to proceed?",,t5_2uny9,False,,,True,http://www.reddit.com/r/ToasterRights/comments/160ued/saw_this_disgusting_post_in_rgaming_i_have_some/
1344095187.0,xo9f7,"TOASTER CRUELTY! This Toaster came back from the ""2012 Toaster Rights Marathon"" and was attacked!",RxJar1,34,0,7,,t5_2uny9,False
1344003158.0,xmbts,"Shout out to our cousin, the toaster oven!",THE_HUMAN_TREE,37,5,http://www.reddit.com/r/ToasterRights/comments/xmbts/shout_out_to_our_cousin_the_toaster_oven/,,
1375195786.0,1jcmya,Sound advice from London fire brigade,owls_with_towels,41,10,2,,t5_2uny9,False
1370537736.0,1fstt9,"Once again, people trying to tell toasters what they can and cannot be. Who says a toaster can't be a radio?",iStuart,41,13,http://www.reddit.com/r/ToasterRights/comments/1fstt9/once_again_people_trying_to_tell_toasters_what/,,
1369885083.0,1fbd1f,this is just like those oppressive jerks to say toasters have low IQs. this stereotype has to stop. LET US STAND FOR OUR BROTHERS!!,dildo_toast,43,8,3,,t5_2uny9,False
1346143136.0,yybbq,"I'm sure this question has already been asked, so I apologise, but what do we think of toastie machines? Do all bread warming apparatus come under our protection? ",isometimesweartweed,32,12,,False
1371010645.0,1g6bh8,Dave Lister must hang for his crimes against toasters!,RepoRogue,37,7,5,"Dave Lister, of course.) These sorts of depictions of toaster violence are unacceptable!

People must respect the rights of toasters even in fiction!

Edit: [proof.](http://www.youtube.com/watch?v=LRq_SAuQDec)",,t5_2uny9,False,,,True,http://www.reddit.com/r/ToasterRights/comments/1g6bh8/dave_lister_must_hang_for_his_crimes_against/
1352042602.0,12m3wa,Heretic on Reddit suggests toasters are not interesting.,eaghman,43,11,2,,t5_2uny9,False
1345948667.0,yu3qo,So if a toaster was made of toast..,at_work_reddit,36,10,2,,t5_2uny9,False
1344496577.0,xxgns,Should we make posters? Come up with a slogan? ,OnlyOneMoreSleep,32,2,12,"An official poster
If you have an idea for a slogan
Then we will join our photoshop skill power to make some awesome formats.",,t5_2uny9,False,,,True,http://www.reddit.com/r/ToasterRights/comments/xxgns/should_we_make_posters_come_up_with_a_slogan/
1344100209.0,xod8q,Send them to the Sewers! ,nicksatdown,30,2,0,,t5_2uny9,False
1362985553.0,1a2jsz,Toaster Pastry Gun Freedom Act!,Toastar_888,32,3,0,,t5_2uny9,False
1355861141.0,152fwu,How can you advertise this in the sidebar!,Rasmase,35,8,4,,t5_2uny9,False
1349899414.0,119ph6,Ted Talks - Building a toaster from scratch.,,31,4,0,,t5_2uny9,False
1365534181.0,1c0a0r,Toaster gets revenge on a former oppressor. Toaster justice at its finest.,king_of_bishops,34,8,2,,t5_2uny9,False
1356462606.0,15ficw,"Merry Christmas from Toaster Rights!!
",9,0,http://www.reddit.com/r/ToasterRights/comments/15ficw/merry_christmas_from_toaster_rights/,,,False,t5_2uny9,False
1350425974.0,11lf5z,The hero we need...,SheGivesGreatHelmet,30,3,0,,t5_2uny9,False
1364065421.0,1avepl,Self Immolation [NSFW],PedalSpikes,31,5,0,,t5_2uny9,False
1361058466.0,18nw94,"Appalled by this video, no consent given whatsoever! Not for the weak hearted...",CtrlAltSleep,34,7,http://www.reddit.com/r/ToasterRights/comments/18nw94/appalled_by_this_video_no_consent_given/,,
1359246618.0,17cczg,Definite abuse of this toaster by a member of r/Pokemon. That is too much toast for that poor toaster to handle,,38,12,0,,t5_2uny9,False
1347082017.0,zjmoa,Kevin's first real adventure. He discovers that he is overweight.,,32,6,2,,t5_2uny9,False
1345350750.0,ygknw,Why did everyone stop posting? Do you not care anymore?,THE_HUMAN_TREE,32,6,5,,t5_2uny9,True
1366272576.0,1clfjw,I'll just leave this here...,mollycase6,33,7,4,,t5_2uny9,False
1344648075.0,y0zxr,This belongs here...,zz23ke,29,2,2,,t5_2uny9,False
1359908526.0,17t7dy,"""Toaster Repairpony"" This has to stop.",nicksatdown,30,6,3,,t5_2uny9,False
1353796574.0,13qdu2,Heywood Banks - Toast,gargolito,28,3,2,,t5_2uny9,False
1347964636.0,102nbl,I am Activist 1000,uGeekPwnz,29,6,3,And I just wanted to let you all know that I will be a commited member of the group and I will fight to the death to make sure every last microwave is eradicated from our planet. PEACE!,t5_2uny9,True
1347052662.0,zixg4,This is Kevins first... adventure I guess. ,,28,4,0,,t5_2uny9,False
1345213287.0,ydljh,"Hey toaster lovers! Our sub numbers have plateaued, anyone got any advertising ideas?",,25,3,http://www.reddit.com/r/ToasterRights/comments/ydljh/hey_toaster_lovers_our_sub_numbers_have_plateaued/,,
1366015763.0,1cdoa8,Toaster Casts off the Shackles of his Oppression,shpickle67,24,3,1,,t5_2uny9,False
1352215190.0,12qcwd,my two favorite things: toast and VW!,sailingforadventure,28,5,1,,t5_2uny9,False
1350957908.0,11x5b1,My childhood hero...the little toaster,gmolica,26,4,3,,t5_2uny9,False
1359123586.0,1797ca,More abuse spotted,mrpoopsalot,29,9,3,,t5_2uny9,False
1351986812.0,12l6ns,Was told the people here wanted to have a word with me?,NomBiter,33,12,2,,t5_2uny9,False
1350612337.0,11q4ho,"My Brothers and Sisters, we are now up to 1,685 Toaster Activists! ",nicksatdown,24,2

1. How many Toasters where destroyed last year?
1a. Where are the body's?

2. What are you doing in your town to support Toast Awareness?
3. What ideas do you have to stop the growing threat on toasters and toast lovers alike?
4. We need Idea people!
5. Gametime? Maybe a contest? I support this idea 100% and i think it will be a great way to start spreading the good word!",,t5_2uny9,False,,toasteroven,True,http://www.reddit.com/r/ToasterRights/comments/11q4ho/my_brothers_and_sisters_we_are_now_up_to_1685/
1350601934.0,11ptg4,Lets all give a huge thanks to Mike Fenn! This is absolutely amazing!,THE_HUMAN_TREE,24,2,2,,t5_2uny9,False
1351950636.0,12kas0,Man pushes toaster over and mocks burning of sacred machine. (NSFL/GORE),eaghman,27,4,2,,t5_2uny9,False
1351014788.0,11ygsz,Best way to clean my toaster.,1337xTCY,24,4,7,For some reason steve really hates when I clean him. he always seems to shock me and will not stay still.,t5_2uny9,True
1349101092.0,10reqi,I have found our champion; be free in your joy Toasters!,Mazzaam,27,7,0,,t5_2uny9,False
1349001566.0,10pfz5,Did anyone catch this from r/movies?? im concerned. ,pacotaco724,26,3,0,,t5_2uny9,False
1348710126.0,10jh0c,"As a toaster oven, I demand the same rights that my toaster cousins have!",supermegafuerte,29,7,http://www.reddit.com/r/ToasterRights/comments/10jh0c/as_a_toaster_oven_i_demand_the_same_rights_that/,,toaster
1344412050.0,xve31,I am conflicted. Are we to protect toaster USB hubs too?,CluckieZOMBEH,21,0,4,,t5_2uny9,False
1359139246.0,179oin,r/engineering does an autopsy on a dissected toaster,fuckdolphins,32,11,1,,t5_2uny9,False
1358775466.0,16zk13,there is really no excuse,sosiat,25,4,2,,t5_2uny9,False
1357450312.0,161q3i,Everybody's favorite screensaver,,23,3,4,,t5_2uny9,False
1355641325.0,14xlp8,I am new to toasters. What should I do to send my broken loved one off?,jaotter,27,9,9,I would like to preface this post with the fact that I am in emotional ruin right now. My first toaster just broke through a bathtub-related incident and I don't know what to do. I need to somehow say goodbye. What is the best way to do this?,t5_2uny9,True
1355333441.0,14qfcg,Fear of toasters is exactly the sort of propaganda which is keeping us from having equal status!  I come from a long lineage of peaceful toasters and I WILL NOT STAND FOR THIS.,supermegafuerte,27,6,2,,t5_2uny9,False
1355201411.0,14ndny,"I know Christianity's not exactly popular on Reddit, but we have to fight for First Amendment rights for toasters of ALL religions, whether we agree with them or not!",mattc286,24,1,False,
1354764960.0,14d4co,"Fly High, Little Toasters! Be Free!",SomewhatHuman,24,4,http://www.reddit.com/r/ToasterRights/comments/14d4co/fly_high_little_toasters_be_free/,,
1351646259.0,12dg68,"Man mocks worship of ""Stupid SkyToaster,"" suggesting toasters are inferior to humans.",bunnycow,24,3,http://www.reddit.com/r/ToasterRights/comments/12dg68/man_mocks_worship_of_stupid_skytoaster_suggesting/,,
1350876696.0,11vmm7,I'm definitely not the only one,2zero,30,8,1,,t5_2uny9,False
1344528749.0,xy0yi,I'm really glad to have found a community of like minded individuals,ChrisQF,21,1,6,"However,,False
1372384820.0,1h7yw3,Abuse? or Toasters finally getting recognition? (X-post from /r/wtf),zelpin,22,2,1,,t5_2uny9,False
1362611763.0,19t29r,The Domo Toaster (Not mine),FlipsidexXxedispilF,20,1,3,,t5_2uny9,False
1358443028.0,16rds1,The Simpsons getting cheap laughs from homer assaulting an innocent toaster. Do not watch if you have a weak stomach.,mudzy92,28,8,3,,t5_2uny9,False
1350405899.0,11ksi6,Futuretoast (Hitchhiker's Guide),laserbeanz,21,3,7,,t5_2uny9,False
1355759213.0,14zwcq,I have reason to believe mod llblyndll is a spy and working to instigate a war with /r/picturesofdeadtoasters,Thecobra117,27,7,45,Title says it all,t5_2uny9,True
1351556226.0,12b4tq,Our numbers are growing!,nicksatdown,21,5,3,"We still need to keep up the good work people! Share Share Share! I am thinking about doing a random sticker/care package to send off soon

Right now our numbers our at: 2

We need to get this number doubled by the weekend!!!

EDIT: We are up to 2160!!!",,t5_2uny9,1351706642.0,,toasteroven,True,http://www.reddit.com/r/ToasterRights/comments/12b4tq/our_numbers_are_growing/
1350812162.0,11u77a,Toasters. Toasters everywhere.,hipsterfaggotry,25,7,0,,t5_2uny9,False
1344914145.0,y6lak,I had a shocking realisation today,ChrisQF,21,3,1,"I realised that the plight of the toaster community to attain equality is recieving no media coverage whatsoever. At first I thought this an appalling lapse on the part of the 'free' press
  The signs are all their, the subtle propaganda is chilling, once you notice it. With the total microwave monopoly of the media the oppression of our brothers will continue in silence. We must raise awareness of the despicable evil of microwaves.",,False,,t5_2uny9,,http://www.reddit.com/r/ToasterRights/comments/y6lak/i_had_a_shocking_realisation_today/
1344093946.0,xo8jw,What we should do.,nicksatdown,20,2,9,"Is start a movement,,False
1344043266.0,xnfnz,Look at this sexy beast! [NSFW],Karl_Robe,20,3,6,,t5_2uny9,False
1375713842.0,1jqpsq,This man Tears apart a toaster on camera and lives free as you and me.,Jaberworky,17,0,1,,t5_2uny9,False
1359918859.0,17ti4h,"r/ToasterRights, what is your opinion on the whole lgbt movement? (**L**et's **G**et **B**agels in **T**oasters)",213Compton,20,2,http://www.reddit.com/r/ToasterRights/comments/17ti4h/rtoasterrights_what_is_your_opinion_on_the_whole/,,
1344499257.0,xxi41,I just made some toast. ,blahkbox,22,4,1,It tasted alright. ,t5_2uny9,True
1363637177.0,1ajlid,"Wilco, the toast cat",sicknsour,32,16,http://www.reddit.com/r/ToasterRights/comments/1ajlid/wilco_the_toast_cat/,,
1361106692.0,18out9,"Make sure to keep your toasters indoors! Young thugs have been taking toasters from the forest to brutally murder them, we must stop these menaces! ",CtrlAltSleep,23,7,http://www.reddit.com/r/ToasterRights/comments/18out9/make_sure_to_keep_your_toasters_indoors_young/,,
1359601664.0,17ltns,User from r/shutupandtakemymoney forces toasters to create graphic pictures on toast.,TheAbstractAnt,21,6,0,,t5_2uny9,False
1355510912.0,14usac,HERETIC SPOTTED. Mobilise.,eaghman,18,3,5,,t5_2uny9,False
1352168214.0,12pdzc,Making toasters even more useful,Maxipad213,23,7,3,,t5_2uny9,False
1348034540.0,104hkq,The Director of The Brave Little Toaster is doing an AMA!,Nestorow,17,2,2,,t5_2uny9,False
1344578238.0,xzfu3,Toasters and Humans need to lessen the tension and hate.,,16,1,0,,t5_2uny9,False
1375662499.0,1jpk86,Does anyone else feel that Toasters are treated horribly in movies? See this example and let me know your thoughts.,,19,2,1,,t5_2uny9,False
1364442655.0,1b5oro,1955: When Things Were Built To Last,wackystuff37,17,2,0,,t5_2uny9,False
1361581229.0,191zof,THE_HUMAN_TOAST doesn't like toasters,mrawesome01,18,4,1,"THE_HUMAN_TREE one of the mods of this subreddit is also a mod for /r/picsofdeadtoasters I thought he was supposed to like toasters?

edit: THE_HUMAN_TREE not TOAST",,t5_2uny9,False,,,True,http://www.reddit.com/r/ToasterRights/comments/191zof/the_human_toast_doesnt_like_toasters/
1351620481.0,12cl11,How toasterrights came to be :),THE_HUMAN_TREE,17,1,3,,t5_2uny9,False
1375588799.0,1jnwmc,Consider this a call to arms.,nicksatdown,18,3,0,,t5_2uny9,False
1370544804.0,1ft4b2,"A promising sign, brothers. The people are accepting our jackalope friend. It gives me hope.",StephenDesigner,17,4,http://www.reddit.com/r/ToasterRights/comments/1ft4b2/a_promising_sign_brothers_the_people_are/,,
1362700772.0,19vn5r,"Just a really lame screensaver... But wait, there's more!",charizardman78,17,4,http://www.reddit.com/r/ToasterRights/comments/19vn5r/just_a_really_lame_screensaver_but_wait_theres/,,
1355000925.0,14iihi,[Meta] I am a new moderator of r/ToasterRights. Nice to meet you all.,llblyndll,20,5,4,"Just introducing myself. I'm here to help in the journey to stop the oppression of toasters everywhere! This is a very important cause,,toasteroven
1354432237.0,14559x,"This poor, poor little toaster...",LetsPlayK,18,5,http://www.reddit.com/r/ToasterRights/comments/14559x/this_poor_poor_little_toaster/,,
1353988206.0,13urlo,do we have T-shirts?,,16,2,3,I know that I would proudly wear a T-shirt that promoted toaster rights these need to exist. please let me know if they are out there.,t5_2uny9,True
1348686988.0,10is94,The world's greatest bumber sticker [x-post r/funny],TheNebster22,17,2,0,,t5_2uny9,False
1345955663.0,yu9gw,One Sexy Cougar ,Toastar_888,14,0,2,,t5_2uny9,False
1344100095.0,xod5l,Taking the fight back to the Toast. ,nicksatdown,16,0,1,,t5_2uny9,False
1343967562.0,xlrfw,Love is love.,DarbyBartholomew,16,4,2,,t5_2uny9,False
1371768957.0,1grc2s,Horrific toaster abuse,hazza3142,15,2,2,,t5_2uny9,False
1354167492.0,13zaj6,Items like this need to stop being sold and used as tools of hate. ,nicksatdown,18,5,3,,t5_2uny9,False
1345936736.0,yttgi,You just got your 593rd subscriber!,TheNebster22,16,2,3,And I'd just like to say hello!,t5_2uny9,True
1351790219.0,12gsm1,The Comstocks's depiction of one of life's simple joys!,sailingforadventure,13,0,0,,t5_2uny9,False
1344385702.0,xuqcz,USB Toaster Hub and Thumbdrives! (x-post from shutupandtakemymoney),kampamaneetti,13,1,1,,t5_2uny9,False
1364615989.0,1baaqz,Space Age Toaster.,nicksatdown,16,7,0,,t5_2uny9,False
1358504764.0,16t6xl,I can't believe the twisted things some people will do to a toaster!,TheRappist,14,3,2,,t5_2uny9,False
1357404673.0,160gqj,"This is disgusting, especially coming from one of our own. Just because Toasters have historically been a target for oppression, that doesn't mean Microwaves can't be discriminated against.",t_j_k,18,1,False,
1354507602.0,146mc4,We need to use other accounts to preserve our Identities.,NuggetAu,14,5,8,"People keep discriminating against me because I am a toaster rights activist and I will,,False
1350867400.0,11vd8s,yeah toast !!!,chillinillin,15,4,2,,t5_2uny9,False
1349105282.0,10rih4,The ToastGirl,salkkuman,12,1,2,,t5_2uny9,False
1344566297.0,xz4xt,Hello r/toasterRights I'm your new mod.,hazza3142,12,0,5,I look forward to furthering toasters(and their delicious offspring) in the world of kitchen appliances.,t5_2uny9,True
1344055830.0,xnq0l,This. This song.,THE_HUMAN_TREE,13,2,2,,t5_2uny9,False
1344040572.0,xndcg,The header picture I made.,awyeauhh,19,8,1,,t5_2uny9,False
1370464115.0,1fqtaj,"Once again, Reddit furthers the violent toaster stereotype",k1e7,12,2,http://www.reddit.com/r/ToasterRights/comments/1fqtaj/once_again_reddit_furthers_the_violent_toaster/,,
1358543337.0,16u74q,"Is calling certain cars ""toasters on wheels"" good, bad, or neutral for toaster rights?",im_too_literal,12,3, and similarly-shaped cars as ""toasters on wheels"" due to the form of the car.  Is this a homage to the noble toaster,
1355005428.0,14in34,"[MODPOST TO MODS] I have unmodded, and remodded everyone, because I want to change the order of mods; however, with the new invite system, everything is messing up.",13,"Over the coarse of a couple hours


1:THE_HUMAN_TREE

2:Nicksatdown

3:Chicken_Mcnuggets

4:Cupcakes_23

5: MR_WITTY_RESPONSE

6:Apostolate

7:LOVES_BEING_THAT_GUY

8:llblyndll

9:Awyeauhh
",,t5_2uny9,1355026407.0,,,True,http://www.reddit.com/r/ToasterRights/comments/14in34/modpost_to_mods_i_have_unmodded_and_remodded/
1354203063.0,13zvwi,I made a CO2 powered racing toaster. I think this belongs here.,TheOnlyUsernameLeft3,13,3,4,,t5_2uny9,False
1351733117.0,12fml2,Ghostbusters II Dancing Toaster - YouTube,Doxterpepper,13,2,0,,t5_2uny9,False
1348506676.0,10efff,Transparent Toaster (disassembles for cleaning),nidalmorra,14,4,2,,t5_2uny9,False
1344649839.0,y11cw,Killer Sale on a Toastess DLTO-442,stevenbuske,13,5,2,,t5_2uny9,False
1370661409.0,1fwo4z,Some Moral Support for Toaster Oppression!,Poesidom,16,6,1,,t5_2uny9,False
1346003238.0,yuzdq,So if a toaster was made of toast.. [FIXED],THE_HUMAN_TREE,18,8,3,,t5_2uny9,False
1344355392.0,xttvi,[Mod post] We did it guys! 100 subscribers! Thank you all of you for subscribing! You guys are awesome!,THE_HUMAN_TREE,12,2,20,"Now that we have reached this milestone,False,
1344015850.0,xmofs,Contact your local congressmen and ask them to officially take a stance on a toaster marriage!!,THE_HUMAN_TREE,12,3,0,,t5_2uny9,False
1343965819.0,xlprc, New Political Party ,THE_HUMAN_TREE,13,4,8,There should be a new political party 'Cuisinart'. And then we will nominate our own candidate for elections. I am open to suggestions for candidates.,t5_2uny9,True
1355552748.0,14vv93,Can we get some recognition for the Military Toasters that protect our toasters' rights every day? ,philycheezestake,10,4,2,,t5_2uny9,False
1352571592.0,12yzzk,MY FABULOUS NEW TOASTER!-Duke (xpost from r/sfm),,12,5,2,,t5_2uny9,False
1351614156.0,12ce1g,I am proud to announce our partnership with /r/toasterovenclub. All of you should subscribe!,THE_HUMAN_TREE,8,1,1,,t5_2uny9,False
1349881768.0,11967n,Are you a toaster that is also a fan of the SCP guides? Me too,cmtsk8er,11,1,2,,t5_2uny9,False
1349065690.0,10qvu1,John Lajoie says fuck toasters! What can we do to stop this!?!?,mechanicalslug,9,1,0,,t5_2uny9,False
1344540357.0,xydp4,I'm so happy to find a community that cares about making the world a better place for toasters like me.,electricbluetoaster,10,2,3,"Throughout all of reddit

Neon colored toasters unite!!!",,t5_2uny9,False,,toaster,True,http://www.reddit.com/r/ToasterRights/comments/xydp4/im_so_happy_to_find_a_community_that_cares_about/
1343969786.0,xltf5,THIS POOR TOASTER WAS MADE WITHOUT A WAFFLE FUNCTION! WHERE ARE HIS RIGHTS?,Pezking343,12,4,1,,t5_2uny9,False
1343967990.0,xlru2,"Ok, how do we get toaster's rights to marry on the ballot?",mmine1,9,2,http://www.reddit.com/r/ToasterRights/comments/xlru2/ok_how_do_we_get_toasters_rights_to_marry_on_the/,False,
1355595527.0,14wiah,"[META{SERIOUSLY, LAST META POST I PROMISE}] I HAVE MADE A DECISION TO END THE WAR ON PODT",THE_HUMAN_TREE,9,3,http://www.reddit.com/r/ToasterRights/comments/14wiah/metaseriously_last_meta_post_i_promise_i_have/,,
1355593861.0,14wgtj,A new subreddit is born!,killer-fel,11,4,9,"I have created /r/Toastercops.

/r/Toastercops is a place to report and arrets toaster abusers. This thing has gone too far

But I cannot do this alone, to show them why it is wrong, and why they must stop!

Ninja edit: I have inited THE_HUMAN_TREE to be a mod. Only the most dedicated cops will have tje opportunity to become mods (also your background will have to check out: no new accounts,,False,,t5_2uny9,False,,True
1355547513.0,14vrbq,Forbidden Love,BUTTHOLE_TACO,8,1,0,,t5_2uny9,False
1354335070.0,1437qb,"It's like I've come home!!! Now I'd like to share the best breakfast ever, thanks to the toaster *^_^*",toastnstuff,12,5,http://www.reddit.com/r/ToasterRights/comments/1437qb/its_like_ive_come_home_now_id_like_to_share_the/,,
1353433360.0,13inyy,This is why I am afraid of Toasters.,donut771,14,7,0,,t5_2uny9,False
1349749936.0,116b5f,How do you like your toast?,laserbeanz,9,2,7,"I like [very hearty bread](http://www.foodforlife.com/sites/default/files/141_4.png). I like it toasted dark, this method of toast eating is even more mouth-gasmic when done with salted butter and whole milk. Which is why I'm on a permanent diet. Me and dairy were a little too friendly with each other.*

I am the only person I know of that does this. 

How do you fellow toast lovers take your food of the gods?",,t5_2uny9,1349750118.0,,,True,http://www.reddit.com/r/ToasterRights/comments/116b5f/how_do_you_like_your_toast/
1349743477.0,1163og,We have to plan a meetup here!,nicksatdown,9,0,0,,t5_2uny9,False
1344561975.0,xz0ot,I want to be more active for toaster rights. What can I do?,LiterallyShitsWisdom,7,0,5,,t5_2uny9,True
1344331805.0,xte49,A clear breach and a dark vision of the future,basementlolz,8,2,1,,t5_2uny9,False
1344062156.0,xnud3,Being a Toaster lover...,nicksatdown,8,2,7,"What are some things you would like to see changed and fixed with the way Toasters are ""Sold"" and ""Placed"" in the Consumer slaughterhouse of product placement? I would like an entire aisle to be contributed to the unjustly treatment and showing what it's like to be a Toaster in the media. I won't even go into what Fallout did for the Toaster in the New Vegas edition of the series.   ",t5_2uny9,True
1344016387.0,xmp0x,EQUALITY TO ALL BEINGS!,RxJar1,10,3,4,"Why wouldn't we support microwaves? They cook foods too. Are we seriously being bigots just because they put of radiation? What's next,False,
1375712420.0,1jqoag,Redditor graphically describes the brutal murdering of a toaster!! This is an outrage!,anthony81212,9,3,1,,t5_2uny9,False
1366087888.0,1cfyym,Differently-abled Toaster now cross posted to /r/CrappyDesign. When will the struggle end?,setmehigh,6,1,1,,t5_2uny9,False
1358302188.0,16npf8,Legalize toaster marriage!,wisdomteethsuck,7,1,0,,t5_2uny9,False
1357412748.0,160occ,My Fabulous New Toaster - YouTube,brocky1495,8,4,0,,t5_2uny9,False
1353900652.0,13skxd,"A question, brethren and fellow warriors of justice in the battle for Toaster Rights...",flynnski,9,2,http://www.reddit.com/r/ToasterRights/comments/13skxd/a_question_brethren_and_fellow_warriors_of/, damned to rust in hell forever? Enlighten me!",t5_2uny9
1353839136.0,13r7ti,Spooky toaster.,BadFont777,11,5,0,,t5_2uny9,False
1351083375.0,1204b3,"League of legends mentions toasters in post title, doesn't actually talk about toasters.  Blasphemy!",supermegafuerte,8,2,http://www.reddit.com/r/ToasterRights/comments/1204b3/league_of_legends_mentions_toasters_in_post_title/,,toaster
1348610268.0,10h1p0,Old faithful. Such a lovely toaster.,hemaris_thysbe,6,1,1,,t5_2uny9,False
1344036335.0,xn9ju,Should toasters be able to compete in the Olympics? Whats your opinion?,THE_HUMAN_TREE,8,2,8,,t5_2uny9,True
1357464840.0,161zya,Spreading the word!,madsciencer,8,2,1,,t5_2uny9,False
1355591465.0,14wer5,The enemy strikes again! This time with a new subreddit! This has to end!,killer-fel,8,3,6,"Apparently

Warning: /r/toasterbait is not for the faint hearted!

Edit: Forget about it,False,,t5_2uny9,1355772982.0,,,t3_14wer5
1355372906.0,14ro53,To my fellow toaster-rights advocates,urukhai434,9,4,0,"During this time of war with the brutal toaster killers

What can we do?

We need to mourn those valiant toasters who have fallen victim to those  beasts of /r/PicsOfDeadToasters,False,,t5_2uny9,False,,,t3_14ro53
1354422107.0,144xsm,Why is r/mensrights related to toaster rights?,5user5,14,8,7,I like this sub but why does it have to be associated with that?,t5_2uny9,True
1353432934.0,13inik,"Fellow Toaster enthusiasts, my GF and I disagree on the importance of the Toaster. Help me educate her. ",HashRunner,10,5,http://www.reddit.com/r/ToasterRights/comments/13inik/fellow_toaster_enthusiasts_my_gf_and_i_disagree/, a triumph of human design and efficiency. 

Who's correct Toasterbros/ladies?",,t5_2uny9,False,,,True,http://www.reddit.com/r/ToasterRights/comments/13inik/fellow_toaster_enthusiasts_my_gf_and_i_disagree/
1350845974.0,11usfq,My toaster is a home for cockroaches,PersonOfInternets,6,0,1,In my toaster live a family of cockroaches. My roommates still use the toaster. I wish to throw it away and buy a new one. What is the most ethical way to deal with this situation?,t5_2uny9,True
1348552949.0,10frzd,Just stumbled here from random...,Lavos_Spawn,8,2,0,"Have to say,,
1343969118.0,xlstg,"[Meta]If anyone is a goos artist, I would appreciate a drawing for the header, some sort of Reddit alien-Toster crossover.",THE_HUMAN_TREE,9,14,False,
1376676550.0,1ki2rf,Is this really a threat?,nicksatdown,5,1,0,,t5_2uny9,False
1375712407.0,1jqo9y,Please get the word out about this - horrible metal underground scene glorifying toaster genocide,k1e7,4,0,0,,t5_2uny9,False
1355772855.0,150ajd,/r/toastercops needs help!,killer-fel,11,6,11,"/r/toastercops needs your help! We need someone that is very good at editing subreddit. We need someone good at coding

Edit: we have a lot of space left on our mod-team,,False,,t5_2uny9,1355835319.0,,True
1355729951.0,14zgas,"I know we stopped the war on PODT, but how can we have a toaster abuser as mod?",Rasmase,10,5,http://www.reddit.com/r/ToasterRights/comments/14zgas/i_know_we_stopped_the_war_on_podt_but_how_can_we/,,
1353988219.0,13urm1,Virtual Toaster (from r/internetisbeautiful),TeaInfusedInsanity,8,2,2,,t5_2uny9,False
1351076048.0,1200ay,What would be the best Toaster for my house? I really like toast...MMM TOAST!,Electric_Vamp_Anus,5,1,2,"Im accually being serious,,
1350880912.0,11vqhb,My #1 Hero.,Karl2152,6,1,0,,t5_2uny9,False
1348628865.0,10hkwu,Does anyone remember this game? Talk about toaster rights promotion...,tehclanijoski,5,1,0,,t5_2uny9,False
1362642759.0,19u30a,But I always thought toasters toasted toast? Is this a common misconception?,anawfullotoffalafel,5,3,0,"As a fellow toaster advocate, wherever, I do not have free toasters for you.. unfortunately.) "
1344054706.0,xnp5y,I need another mod. Frequent posters(toasters) and commentors will be greatly considered to mod this awesome subreddit.,THE_HUMAN_TREE,3,0,14,,t5_2uny9,True
1343999667.0,xm98b,[Meta] Are you knowledgable at CSS? PM me!,THE_HUMAN_TREE,6,3,0,"I'll make you a mod so you can help me style this subreddit. I know basics,,
1357427360.0,1613k0,That cat had it coming,littledog169,6,4,0,Is [this](http://media.tumblr.com/tumblr_m7ds2gUpG61rq0hnm.gif) what happens when you're not watching?,t5_2uny9,True
1351972032.0,12ksbm,I like *toast*! A little bit of *toast*!,RevWaldo,3,1,0,,t5_2uny9,False
1344018643.0,xmrh0,[Meta] Check out the flair!!!,THE_HUMAN_TREE,3,1,0,"I'll eventually add more images,,
1355853852.0,15282b,/r/toastercops needs you!,killer-fel,8,7,13,"We have a lot of space left on our mod-team

We also need 3 officers and someone to help with the subreddit desing!",,t5_2uny9,False,,,True,http://www.reddit.com/r/ToasterRights/comments/15282b/rtoastercops_needs_you/
1352524313.0,12ya3j,User speaks fallacies by saying that toasters are terrifying,pigmentlessging,6,7,0,,t5_2uny9,False
1374992308.0,1j7du8,A toaster fights back!,zzing,4,4,0,,t5_2uny9,False
1370525969.0,1fsf2z,Why are we linking to picsofdeadtoasters in this sub?,DaEvil1,2,2,0,"That sub is horrific, but please be careful,False
1365938190.0,1cbk8s,Dissection.,jqrd4n,4,4,0,,t5_2uny9,False
1365319581.0,1buctv,Tonight's SNL!,Toastar_888,2,2,0,In the first skit after the opening shows a toaster being used as a weapon....,t5_2uny9,True
1363893842.0,1ar0s4," I'm not sure what to make of this? (X-Post from r/pics ""My toaster is broken"" )",tiltedsun,2,2,0,,t5_2uny9,False
1361488129.0,18zght,He doesn't care about basic decency!,Dangthesehavetobesma,5,5,0,,t5_2uny9,False
1358222735.0,16ljj2,Cancer: the Forbidden Cures - Full Documentary on Vimeo,bestedboys,6,6,1,,t5_2uny9,False
1358108222.0,16i990,Glutenfree toast is not getting the mainstream support it needs to stay around,CaptainMitchell,2,2,0,,t5_2uny9,False
1357659923.0,166r32,My god. [NSFW],,2,2,0,,t5_2uny9,False
1357256116.0,15x0v6,"Hi /r/ToasterRights, I'm a Dead Rights activist. I've made a subreddit for Dead Rights... would you be interested in helping me in the movement for the rights of Dead People and Dead Toasters?",,2,2,http://www.reddit.com/r/ToasterRights/comments/15x0v6/hi_rtoasterrights_im_a_dead_rights_activist_ive/,,
1356034234.0,156nbl,Gaining rights in the human world. They've finally started inventing life saving devices for us. [x-post from r/funny],Sirnacane,2,2,0,,t5_2uny9,False
1355631435.0,14xeby,I think we should write out some laws.,Willy637,1,1,1,"What will we charge them with,False,
1352501927.0,12xrnn,Just listen to the toaster hate in this movie. It's disgusting.,shitmydicksays,3,3,0,,t5_2uny9,False
1351548783.0,12avc4,The sale and enslavement of our fellow toasters continues unabated,smashsrs,1,1,0,,t5_2uny9,False
1351494404.0,129jkl,Look at this fellow redditor denigrate toasters! ,acdcfanbill,1,1,0,,t5_2uny9,False
1376582466.0,1kfbez,I am your King. Bow down before me.,OpinionToaster,1,3,0,,t5_2uny9,True
1371155184.0,1gaieh,[MODPOST] THERE ARE NEW SIDEBAR RULES. PLEASE LOOK AT THEM.,THE_HUMAN_TREE,2,3,0,"This subreddit has deteriorated into a place for cool toaster, and dumb crap in general. Thank you for your time

**YOU MUST BOAST BECAUSE YOU HAVE THE MOST TOAST**
",,t5_2uny9,False,,,True,http://www.reddit.com/r/ToasterRights/comments/1gaieh/modpost_there_are_new_sidebar_rules_please_look/
1364257384.0,1b0cxh,New to this subreddit and figured that this belonged here.,GangsterToaster,1,2,0,,t5_2uny9,False
1361223896.0,18rxgt,Convection Microwave with Truly Separate Functions?,vbullinger,2,3,2,"Hello

Do you guys know of any convection microwaves that have truly separate functions that for sure do NOT use microwaves? Again

I know there are a lot of joke submissions,False,,t5_2uny9,False,,,t3_18rxgt
1357357270.0,15zn2c,I made an AskToasters subreddit!,Fauxm,3,4,0,,t5_2uny9,False
1355929894.0,15409r,"Dont worry, i tracked him down.",Rasmase,6,7,http://www.reddit.com/r/ToasterRights/comments/15409r/dont_worry_i_tracked_him_down/


Wall Street 666

'murica

666-666-66

Enjoy.",,t5_2uny9,False,,,True,http://www.reddit.com/r/ToasterRights/comments/15409r/dont_worry_i_tracked_him_down/
1355843018.0,151xqh,MATTC IS A TRAITOR. PROOF INSIDE.,llblyndll,4,5,4,,t5_2uny9,False
1351699616.0,12ejs3,Cat fooled by toasters deceptive prowess ,reefer_madness420,1,2,0,,t5_2uny9,False
1373918722.0,1id1g5,"How was this on /r/funny!? This is sick and disgusting, not funny! [NSFW]",Bendrake,4,7,http://www.reddit.com/r/ToasterRights/comments/1id1g5/how_was_this_on_rfunny_this_is_sick_and/,,toaster
1371385545.0,1gg8x2,this guy thinks that toasters aren't able to toast what they are made to toast. i think this is an example of discrimination to toasters everwhere.,dildo_toast,1,3,0,,t5_2uny9,False
1362740607.0,19wn1x,I was told yall would love this,sleaux_meaux,2,5,0,,t5_2uny9,False
1351909330.0,12jphn,This man really loves his toaster!,JavaMoose,2,5,0,,t5_2uny9,False
1355346864.0,14quy9,This fills me with joy.,LaughingFlame,9,13,5,,t5_2uny9,False
